kind,name,ministry_or_office,start_or_date,field,new_value,source
spell,김현미,국토교통부,2017-06-21,end,2020-12-28,"blind audit BA014 (blind_audit/results/S2.adjudicated.json): successor term began 2020-12-29 00:00 (아시아경제 2020-12-28), 이임식 2020-12-28 (연합뉴스, 뉴스1)"
spell,이정옥,여성가족부,2019-09-09,end,2020-12-28,"blind audit BA071 (blind_audit/results/S9.adjudicated.json): 이임식 2020-12-28, successor term from 2020-12-29 00:00 (아시아경제, 한겨레 2020-12-28)"
spell,현오석,기획재정부,2013-03-23,end,2014-07-15,"blind audit BA025 (blind_audit/results/S4.adjudicated.json): 퇴임식 2014-07-15 (머니투데이, 연합뉴스 2014-07-15), successor took up duties 2014-07-16"
nomination,한덕수,국무총리,2022-04-03,report_adopted,no,"blind audit BN019 (blind_audit/results/N3.adjudicated.json): 제397회 제3차 본회의 회의록 2022-05-20, 의장 발언 '인사청문경과보고서를 채택하지 못하였습니다'"
spell,신상우,해양수산부,1996-08-09,start,1996-08-08,"blind audit BB014 (blind_audit/results/B88.json, adjudicated 2026-09-27): legal appointment 1996-08-08 per 해양수산부 역대장관 page ('제 1 대 신상우 장관 1996. 8. 8 ~ 1997. 8. 6'), 대통령기록관 일정 1996-08-08 ('초대 해양수산부 장관 임명'), 조선일보 1996-08-08 p4 (legal appointment by 재가 on 8일). 임명장 was 1996-08-09"
spell,한승수,재정경제원,1996-08-09,start,1996-08-08,"1996 8·8 개각 check (blind_audit/results/reshuffle_19960808.json): 동아일보 1996-08-09 p1 '金泳三대통령은 8일 오후 부총리겸 재정경제원장관에 신한국당 韓昇洙의원을 임명'. 임명장 1996-08-09. Official pages of the other appointees of the same reshuffle print 1996.8.8"
spell,김윤덕,정무장관(제2),1996-08-09,start,1996-08-08,"1996 8·8 개각 check: 성평등가족부 역대장관 '제7대 김윤덕 1996.08.08 ~ 1997.08.05'"
spell,이성호,보건복지부,1996-08-09,start,1996-08-08,"1996 8·8 개각 check: 보건복지부 역대 장관 '32대 이성호 ... 1996.08.08 ~ 1996.11.12'"
spell,구본영,과학기술처,1996-08-09,start,1996-08-08,"1996 8·8 개각 check: 과학기술정보통신부 역대 장관 '구본영 1996. 8. 8 ~ 1996. 12. 19.'"
spell,김장숙,정무장관(제2),1994-12-24,end,1996-08-07,"1996 8·8 개각 check: 성평등가족부 역대장관 '제6대 김장숙 1994.12.24 ~ 1996.08.07'"
spell,김양배,보건복지부,1995-12-21,end,1996-08-07,"1996 8·8 개각 check: 보건복지부 역대 장관 '31대 김양배 ... 1995.12.21 ~ 1996.08.07'"
spell,정근모,과학기술처,1994-12-24,end,1996-08-07,"1996 8·8 개각 check: 과학기술정보통신부 역대 장관 '정근모 1994. 12. 24. ~ 1996. 8. 7.'"
spell,나웅배,재정경제원,1995-12-21,end,1996-08-08,"1996 8·8 개각 check: 이임식 1996-08-08 14:30 (동아일보), successor appointed the afternoon of 1996-08-08. Same-day handover"
spell,이석채,정보통신부,1995-12-21,end,1996-08-07,"1996 8·8 개각 check: 과학기술정보통신부 역대 장관, 정보통신부 tab '이석채 1995. 12. 21. ~ 1996. 8. 7.'"
