audit_id,name,name_hanja,ministry,check_date
BD001,이재오,李在五,특임장관,2010-08-30
BD002,이정무,李廷武,건설교통부,1998-03-03
BD003,안병영,安秉永,교육인적자원부,2003-12-24
BD004,전재희,全在姬,보건복지부,2010-03-19
BD005,김영주,金榮珠,고용노동부,2017-08-14
BD006,이채필,李埰弼,고용노동부,2011-05-31
BD007,박재완,朴宰完,고용노동부,2010-08-30
BD008,이상민,李祥敏,행정안전부,2022-05-12
BD009,김장수,金章洙,국방부,2008-02-25
BD010,박재완,朴宰完,기획재정부,2011-06-02
BD011,김정길,金正吉,법무부,2002-07-11
BD012,김정길,金正吉,행정자치부,1998-03-03
BD013,박홍수,朴弘綏,농림부,2005-01-05
BD014,권영세,權寧世,통일부,2022-05-13
BD015,문성혁,文成赫,해양수산부,2019-04-03
BD016,원세훈,元世勳,행정안전부,2008-02-29
BD017,김금래,金錦來,여성가족부,2011-09-17
BD018,박영선,朴映宣,중소벤처기업부,2019-04-08
BD019,정우택,鄭宇澤,해양수산부,2001-03-26
BD020,오영주,吳姈姝,중소벤처기업부,2023-12-29
BD021,권칠승,權七勝,중소벤처기업부,2022-05-10
BD022,김윤덕,金潤德,국토교통부,2025-07-31
BD023,한명숙,韓明淑,환경부,2003-02-27
BD024,장재식,張在植,산업자원부,2001-03-26
