audit_id,spell_id,name,name_hanja,ministry,office_title,year_hint,start,end,era
BA001,S0357,서욱,徐旭,국방부,국방부장관,2020,2020-09-18,2022-05-10,2018-22
BA002,S0162,김승규,金昇圭,법무부,법무부장관,2004,2004-07-29,2005-06-29,2003-07
BA003,S0411,배경훈,裵慶勳,과학기술정보통신부,과학기술정보통신부장관,2025,2025-07-16,2025-09-30,2023-26
BA004,S0230,김태영,金泰榮,국방부,국방부장관,2009,2009-09-23,2010-12-04,2008-12
BA005,S0330,박상기,朴相基,법무부,법무부장관,2017,2017-07-19,2019-09-09,2013-17
BA006,S0314,조윤선,趙允旋,문화체육관광부,문화체육관광부장관,2016,2016-09-05,2017-01-21,2013-17
BA007,S0121,장상,張裳,국무총리,국무총리서리,2002,2002-07-11,2002-07-31,1998-02
BA008,S0176,유시민,柳時敏,보건복지부,보건복지부장관,2006,2006-02-10,2007-05-22,2003-07
BA009,S0416,윤호중,尹昊重,행정안전부,행정안전부장관,2025,2025-07-20,,2023-26
BA010,S0220,변도윤,邊道潤,여성부,여성부장관,2008,2008-03-13,2009-09-30,2008-12
BA011,S0044,정상천,鄭相千,해양수산부,해양수산부장관,1999,1999-03-23,2000-01-14,1998-02
BA012,S0324,조명균,趙明均,통일부,통일부장관,2017,2017-07-03,2019-04-08,2013-17
BA013,S0397,박상우,朴庠禹,국토교통부,국토교통부장관,2023,2023-12-23,2025-07-29,2023-26
BA014,S0322,김현미,金賢美,국토교통부,국토교통부장관,2017,2017-06-21,2020-12-29,2013-17
BA015,S0420,전재수,田載秀,해양수산부,해양수산부장관,2025,2025-07-24,2025-12-11,2023-26
BA016,S0354,추미애,秋美愛,법무부,법무부장관,2020,2020-01-02,2021-01-27,2018-22
BA017,S0211,유명환,柳明桓,외교통상부,외교통상부장관,2008,2008-02-29,2010-09-08,2008-12
BA018,S0193,송민순,宋旻淳,외교통상부,외교통상부장관,2006,2006-12-01,2008-02-29,2003-07
BA019,S0365,정의용,鄭義溶,외교부,외교부장관,2021,2021-02-09,2022-05-12,2018-22
BA020,S0142,박호군,朴虎君,과학기술부,과학기술부장관,2003,2003-02-27,2003-12-29,2003-07
BA021,S0313,김재수,金在水,농림축산식품부,농림축산식품부장관,2016,2016-09-05,2017-07-03,2013-17
BA022,S0120,김호식,金昊植,해양수산부,해양수산부장관,2002,2002-07-11,2003-02-27,1998-02
BA023,S0406,김완섭,金琓燮,환경부,환경부장관,2024,2024-07-25,2025-07-22,2023-26
BA024,S0328,유영민,兪英民,미래창조과학부,미래창조과학부장관,2017,2017-07-11,2017-07-25,2013-17
BA025,S0278,현오석,玄旿錫,기획재정부,부총리 겸 기획재정부장관,2013,2013-03-23,2014-07-16,2013-17
BA026,S0419,김영훈,金榮訓,고용노동부,고용노동부장관,2025,2025-07-22,,2023-26
BA027,S0238,임태희,任太熙,고용노동부,고용노동부장관,2010,2010-07-05,2010-07-16,2008-12
BA028,S0408,김문수,金文洙,고용노동부,고용노동부장관,2024,2024-08-30,2025-04-08,2023-26
BA029,S0223,안병만,安秉萬,교육과학기술부,교육과학기술부장관,2008,2008-08-06,2010-08-30,2008-12
BA030,S0085,김원길,金元吉,보건복지부,보건복지부장관,2001,2001-03-23,2002-01-29,1998-02
BA031,S0212,이윤호,李允鎬,지식경제부,지식경제부장관,2008,2008-02-29,2009-09-19,2008-12
BA032,S0277,서남수,徐南洙,교육부,교육부장관,2013,2013-03-23,2014-07-17,2013-17
BA033,S0343,조명래,趙明來,환경부,환경부장관,2018,2018-11-09,2021-01-22,2018-22
BA034,S0149,안병영,安秉永,교육인적자원부,부총리 겸 교육인적자원부장관,2003,2003-12-24,2005-01-04,2003-07
BA035,S0204,정성진,鄭城鎭,법무부,법무부장관,2007,2007-09-04,2008-02-29,2003-07
BA036,S0039,강인덕,康仁德,통일부,통일부장관,1998,1998-03-03,1999-05-24,1998-02
BA037,S0126,박봉흠,朴奉欽,기획예산처,기획예산처장관,2003,2003-02-27,2004-01-02,2003-07
BA038,S0398,강정애,姜貞愛,국가보훈부,국가보훈부장관,2023,2023-12-26,2025-07-25,2023-26
BA039,S0424,권오을,權五乙,국가보훈부,국가보훈부장관,2025,2025-07-25,,2023-26
BA040,S0073,전윤철,田允喆,기획예산처,기획예산처장관,2000,2000-08-07,2002-01-29,1998-02
BA041,S0366,황희,黃熙,문화체육관광부,문화체육관광부장관,2021,2021-02-11,2022-05-13,2018-22
BA042,S0222,장태평,張太平,농림수산식품부,농림수산식품부장관,2008,2008-08-06,2010-08-30,2008-12
BA043,S0342,유은혜,兪銀惠,교육부,부총리 겸 교육부장관,2018,2018-10-02,2022-05-09,2018-22
BA044,S0197,김영주,金榮柱,산업자원부,산업자원부장관,2007,2007-01-29,2008-02-28,2003-07
BA045,S0095,안동수,安東洙,법무부,법무부장관,2001,2001-05-21,2001-05-23,1998-02
BA046,S0415,정성호,鄭成湖,법무부,법무부장관,2025,2025-07-19,2026-08-24,2023-26
BA047,S0174,이재용,李在庸,환경부,환경부장관,2005,2005-06-29,2006-03-21,2003-07
BA048,S0235,백희영,白喜英,여성가족부,여성가족부장관,2010,2010-03-19,2011-09-17,2008-12
BA049,S0102,홍순영,洪淳瑛,통일부,통일부장관,2001,2001-09-07,2002-01-29,1998-02
BA050,S0240,이주호,李周浩,교육과학기술부,교육과학기술부장관,2010,2010-08-30,2013-03-11,2008-12
BA051,S0361,변창흠,卞彰欽,국토교통부,국토교통부장관,2020,2020-12-29,2021-04-16,2018-22
BA052,S0141,고건,高建,국무총리,국무총리,2003,2003-02-27,2004-05-25,2003-07
BA053,S0369,노형욱,盧炯旭,국토교통부,국토교통부장관,2021,2021-05-14,2022-05-13,2018-22
BA054,S0210,강만수,姜萬洙,기획재정부,기획재정부장관,2008,2008-02-29,2009-02-10,2008-12
BA055,S0074,송자,宋梓,교육부,교육부장관,2000,2000-08-07,2000-08-30,1998-02
BA056,S0341,이재갑,李載甲,고용노동부,고용노동부장관,2018,2018-09-21,2021-05-06,2018-22
BA057,S0075,진념,陳稔,재정경제부,재정경제부장관,2000,2000-08-07,2001-01-28,1998-02
BA058,S0306,강호인,姜鎬人,국토교통부,국토교통부장관,2015,2015-11-11,2017-06-21,2013-17
BA059,S0371,임혜숙,林惠淑,과학기술정보통신부,과학기술정보통신부장관,2021,2021-05-14,2022-05-10,2018-22
BA060,S0234,임태희,任太熙,노동부,노동부장관,2009,2009-09-30,2010-07-04,2008-12
BA061,S0353,최기영,崔起榮,과학기술정보통신부,과학기술정보통신부장관,2019,2019-09-09,2021-05-14,2018-22
BA062,S0184,노준형,盧俊亨,정보통신부,정보통신부장관,2006,2006-03-28,2007-08-27,2003-07
BA063,S0265,윤성규,尹成奎,환경부,환경부장관,2013,2013-03-11,2016-09-05,2013-17
BA064,S0396,신원식,申源湜,국방부,국방부장관,2023,2023-10-07,2024-09-06,2023-26
BA065,S0129,한명숙,韓明淑,환경부,환경부장관,2003,2003-02-27,2004-02-16,2003-07
BA066,S0409,김용현,金龍顯,국방부,국방부장관,2024,2024-09-06,2024-12-05,2023-26
BA067,S0332,박능후,朴凌厚,보건복지부,보건복지부장관,2017,2017-07-21,2020-12-23,2013-17
BA068,S0262,이동필,李桐弼,농림수산식품부,농림수산식품부장관,2013,2013-03-11,2013-03-22,2013-17
BA069,S0078,김호진,金浩鎭,노동부,노동부장관,2000,2000-08-07,2001-09-07,1998-02
BA070,S0226,현인택,玄仁澤,통일부,통일부장관,2009,2009-02-12,2011-09-17,2008-12
BA071,S0351,이정옥,李貞玉,여성가족부,여성가족부장관,2019,2019-09-09,2020-12-29,2018-22
BA072,S0029,박정수,朴定洙,외교통상부,외교통상부장관,1998,1998-03-03,1998-08-04,1998-02
