audit_id,name,name_hanja,ministry,office_title,year_hint
BA001,서욱,徐旭,국방부,국방부장관,2020
BA002,김승규,金昇圭,법무부,법무부장관,2004
BA003,배경훈,裵慶勳,과학기술정보통신부,과학기술정보통신부장관,2025
BA004,김태영,金泰榮,국방부,국방부장관,2009
BA005,박상기,朴相基,법무부,법무부장관,2017
BA006,조윤선,趙允旋,문화체육관광부,문화체육관광부장관,2016
BA007,장상,張裳,국무총리,국무총리서리,2002
BA008,유시민,柳時敏,보건복지부,보건복지부장관,2006
BA009,윤호중,尹昊重,행정안전부,행정안전부장관,2025
BA010,변도윤,邊道潤,여성부,여성부장관,2008
BA011,정상천,鄭相千,해양수산부,해양수산부장관,1999
BA012,조명균,趙明均,통일부,통일부장관,2017
BA013,박상우,朴庠禹,국토교통부,국토교통부장관,2023
BA014,김현미,金賢美,국토교통부,국토교통부장관,2017
BA015,전재수,田載秀,해양수산부,해양수산부장관,2025
BA016,추미애,秋美愛,법무부,법무부장관,2020
BA017,유명환,柳明桓,외교통상부,외교통상부장관,2008
BA018,송민순,宋旻淳,외교통상부,외교통상부장관,2006
BA019,정의용,鄭義溶,외교부,외교부장관,2021
BA020,박호군,朴虎君,과학기술부,과학기술부장관,2003
BA021,김재수,金在水,농림축산식품부,농림축산식품부장관,2016
BA022,김호식,金昊植,해양수산부,해양수산부장관,2002
BA023,김완섭,金琓燮,환경부,환경부장관,2024
BA024,유영민,兪英民,미래창조과학부,미래창조과학부장관,2017
BA025,현오석,玄旿錫,기획재정부,부총리 겸 기획재정부장관,2013
BA026,김영훈,金榮訓,고용노동부,고용노동부장관,2025
BA027,임태희,任太熙,고용노동부,고용노동부장관,2010
BA028,김문수,金文洙,고용노동부,고용노동부장관,2024
BA029,안병만,安秉萬,교육과학기술부,교육과학기술부장관,2008
BA030,김원길,金元吉,보건복지부,보건복지부장관,2001
BA031,이윤호,李允鎬,지식경제부,지식경제부장관,2008
BA032,서남수,徐南洙,교육부,교육부장관,2013
BA033,조명래,趙明來,환경부,환경부장관,2018
BA034,안병영,安秉永,교육인적자원부,부총리 겸 교육인적자원부장관,2003
BA035,정성진,鄭城鎭,법무부,법무부장관,2007
BA036,강인덕,康仁德,통일부,통일부장관,1998
BA037,박봉흠,朴奉欽,기획예산처,기획예산처장관,2003
BA038,강정애,姜貞愛,국가보훈부,국가보훈부장관,2023
BA039,권오을,權五乙,국가보훈부,국가보훈부장관,2025
BA040,전윤철,田允喆,기획예산처,기획예산처장관,2000
BA041,황희,黃熙,문화체육관광부,문화체육관광부장관,2021
BA042,장태평,張太平,농림수산식품부,농림수산식품부장관,2008
BA043,유은혜,兪銀惠,교육부,부총리 겸 교육부장관,2018
BA044,김영주,金榮柱,산업자원부,산업자원부장관,2007
BA045,안동수,安東洙,법무부,법무부장관,2001
BA046,정성호,鄭成湖,법무부,법무부장관,2025
BA047,이재용,李在庸,환경부,환경부장관,2005
BA048,백희영,白喜英,여성가족부,여성가족부장관,2010
BA049,홍순영,洪淳瑛,통일부,통일부장관,2001
BA050,이주호,李周浩,교육과학기술부,교육과학기술부장관,2010
BA051,변창흠,卞彰欽,국토교통부,국토교통부장관,2020
BA052,고건,高建,국무총리,국무총리,2003
BA053,노형욱,盧炯旭,국토교통부,국토교통부장관,2021
BA054,강만수,姜萬洙,기획재정부,기획재정부장관,2008
BA055,송자,宋梓,교육부,교육부장관,2000
BA056,이재갑,李載甲,고용노동부,고용노동부장관,2018
BA057,진념,陳稔,재정경제부,재정경제부장관,2000
BA058,강호인,姜鎬人,국토교통부,국토교통부장관,2015
BA059,임혜숙,林惠淑,과학기술정보통신부,과학기술정보통신부장관,2021
BA060,임태희,任太熙,노동부,노동부장관,2009
BA061,최기영,崔起榮,과학기술정보통신부,과학기술정보통신부장관,2019
BA062,노준형,盧俊亨,정보통신부,정보통신부장관,2006
BA063,윤성규,尹成奎,환경부,환경부장관,2013
BA064,신원식,申源湜,국방부,국방부장관,2023
BA065,한명숙,韓明淑,환경부,환경부장관,2003
BA066,김용현,金龍顯,국방부,국방부장관,2024
BA067,박능후,朴凌厚,보건복지부,보건복지부장관,2017
BA068,이동필,李桐弼,농림수산식품부,농림수산식품부장관,2013
BA069,김호진,金浩鎭,노동부,노동부장관,2000
BA070,현인택,玄仁澤,통일부,통일부장관,2009
BA071,이정옥,李貞玉,여성가족부,여성가족부장관,2019
BA072,박정수,朴定洙,외교통상부,외교통상부장관,1998
