audit_id,nomination_id,nominee,office_title,nomination_date,hearing_dates,report_adopted,outcome,outcome_date
BN001,N0051,이한동,국무총리,2000-05-22,2000-06-26;2000-06-27,yes,appointed,2000-06-29
BN002,N0412,한성숙,중소벤처기업부장관,2025-06-23,2025-07-15,yes,appointed,2025-07-24
BN003,N0420,최휘영,문화체육관광부장관,2025-07-11,2025-07-29,yes,appointed,2025-07-31
BN004,N0387,신원식,국방부장관,2023-09-13,2023-09-27,no,appointed,2023-10-07
BN005,N0333,문성혁,해양수산부장관,2019-03-08,2019-03-26,yes,appointed,2019-04-03
BN006,N0190,박은경,환경부장관,2008-02-18,,not_applicable,nominee_withdrew,2008-02-27
BN007,N0311,조대엽,고용노동부장관,2017-06-11,2017-06-30;2017-07-01,no,nominee_withdrew,2017-07-13
BN008,N0157,김우식,부총리 겸 과학기술부장관,2006-01-02,2006-02-07,yes,appointed,2006-02-10
BN009,N0302,강경화,외교부장관,2017-05-21,2017-06-07,no,appointed,2017-06-18
BN010,N0168,권오규,부총리 겸 재정경제부장관,2006-07-03,2006-07-12,yes,appointed,2006-07-18
BN011,N0430,용혜인,성평등가족부장관,2026-08-30,,not_applicable,nominee_withdrew,2026-09-13
BN012,N0413,정동영,통일부장관,2025-06-23,2025-07-14,no,appointed,2025-07-25
BN013,N0195,이윤호,산업자원부장관 (지식경제부장관 once 법률 제8852호 took effect),2008-02-18,2008-02-27,yes,appointed,2008-02-29
BN014,N0270,문창극,국무총리,2014-06-10,,no,nominee_withdrew,2014-06-24
BN015,N0200,이춘호,"국무위원 (no portfolio in the request, announced as 여성담당 특임장관)",2008-02-18,,not_applicable,withdrawn,2008-02-22
BN016,N0403,김민석,국무총리,2025-06-04,2025-06-24;2025-06-25,no,appointed,2025-07-04
BN017,N0419,정성호,법무부장관,2025-06-29,2025-07-16,yes,appointed,2025-07-19
BN018,N0259,방하남,고용노동부장관,2013-02-17,2013-03-04,yes,appointed,2013-03-11
BN019,N0360,한덕수,국무총리,2022-04-03,2022-05-02;2022-05-03,unknown,appointed,2022-05-21
BN020,N0368,김인철,부총리 겸 교육부장관,2022-04-13,,not_applicable,nominee_withdrew,2022-05-03
BN021,N0171,김장수,국방부장관,2006-11-01,2006-11-16,yes,appointed,2006-11-23
BN022,N0294,홍윤식,행정자치부장관,2015-12-21,2016-01-06,yes,appointed,2016-01-13
BN023,N0293,주형환,산업통상자원부장관,2015-12-21,2016-01-06,yes,appointed,2016-01-13
BN024,N0334,조동호,과학기술정보통신부장관,2019-03-08,2019-03-27,no,withdrawn,2019-03-31
