audit_id,spell_id,name,name_hanja,ministry,office_title,year_hint,start,end,adm
BB001,P0c8b8b91-labor-1,이기호,李起浩,노동부,노동부장관,1997,1997-08-06,1999-05-24,김영삼
BB002,P3f683144-transport-1,오명,吳明,교통부,교통부장관,1993,1993-12-22,1994-12-22,김영삼
BB003,P68cb560d-public_info-1,최병렬,崔秉烈,공보처,공보처장관,1990,1990-01-03,1990-12-27,노태우
BB004,P6597678a-foreign-1,공로명,孔魯明,외무부,외무부장관,1994,1994-12-24,1996-11-06,김영삼
BB005,P082de8c0-industry-1,박재윤,朴在潤,통상산업부,통상산업부장관,1994,1994-12-24,1996-12-20,김영삼
BB006,Pff7814e2-sports-1,박철언,朴哲彦,체육청소년부,체육청소년부장관,1990,1990-12-27,1991-12-20,노태우
BB007,P6da147cb-interior-1,이춘구,李春九,내무부,내무부장관,1988,1988-05-07,1988-12-05,노태우
BB008,P405a75c2-unification-1,이홍구,李洪九,국토통일원,국토통일원장관,1988,1988-02-25,1990-03-19,노태우
BB009,P29729735-pm-1,이현재,李賢宰,국무총리,국무총리,1988,1988-02-25,1988-12-05,노태우
BB010,P093f5def-industry-1,한봉수,韓鳳洙,상공부,상공부장관,1991,1991-12-20,1993-02-26,노태우
BB011,Pa0904d8f-foreign-1,최호중,崔浩中,외무부,외무부장관,1988,1988-12-05,1990-12-27,노태우
BB012,P0daf481c-interior-1,이한동,李漢東,내무부,내무부장관,1988,1988-12-05,1989-07-19,노태우
BB013,Pf9b6af97-agriculture-1,이효계,李孝桂,농림부,농림부장관,1997,1997-08-06,1998-03-03,김영삼
BB014,P62be2a32-oceans-1,신상우,辛相佑,해양수산부,해양수산부장관,1996,1996-08-09,1997-08-06,김영삼
BB015,Pd71ca636-land-1,이진설,李鎭卨,건설부,건설부장관,1991,1991-02-19,1991-12-20,노태우
BB016,Pfe437f92-special-1,최형우,崔炯佑,정무장관(제1),정무장관(제1),1991,1991-07-19,1992-05-25,노태우
BB017,Pdd19c1bc-interior-1,조해녕,曺海寧,내무부,내무부장관,1997,1997-08-06,1998-02-27,김영삼
BB018,P4cbc7499-transport-1,이계익,李啓謚,교통부,교통부장관,1993,1993-02-26,1993-10-18,김영삼
BB019,P6bd91c59-defense-1,이병태,李炳台,국방부,국방부장관,1993,1993-12-22,1994-12-24,김영삼
BB020,P74226f5c-general_affairs-1,이연택,李衍澤,총무처,총무처장관,1990,1990-03-19,1991-12-20,노태우
BB021,Pa53a079e-industry-1,임창열,林昌烈,통상산업부,통상산업부장관,1997,1997-03-06,1997-11-19,김영삼
BB022,P370a901c-health-1,서상목,徐相穆,보건사회부,보건사회부장관,1993,1993-12-22,1994-12-22,김영삼
BB023,Pb4213058-agriculture-1,강현욱,姜賢旭,농림수산부,농림수산부장관,1992,1992-03-31,1993-02-26,노태우
BB024,Pb2e06c6e-agriculture-2,강운태,姜雲太,농림부,농림부장관,1996,1996-08-08,1996-12-20,김영삼
