audit_id,row_id,name,name_hanja,ministry,start,end,dual_office,dual_office_start,dual_office_end,mp_party_at_appt,mp_district,assembly_num_at_appt
BD001,R0301,이재오,李在五,특임장관,2010-08-30,2011-09-19,True,2010-08-30,2011-09-19,한나라당,서울 은평구을,18.0
BD002,R0057,이정무,李廷武,건설교통부,1998-03-03,1999-05-24,True,1998-03-03,1999-05-24,자유민주연합,대구 남구,15.0
BD003,R0191,안병영,安秉永,교육인적자원부,2003-12-24,2005-01-04,False,,,,,
BD004,R0294,전재희,全在姬,보건복지부,2010-03-19,2010-08-30,True,2010-03-19,2010-08-30,한나라당,경기 광명시을,18.0
BD005,R0427,김영주,金榮珠,고용노동부,2017-08-14,2018-09-21,True,2017-08-14,2018-09-21,더불어민주당,서울 영등포구갑,20.0
BD006,R0308,이채필,李埰弼,고용노동부,2011-05-31,2013-02-24,False,,,,,
BD007,R0300,박재완,朴宰完,고용노동부,2010-08-30,2011-05-30,False,,,,,
BD008,R0488,이상민,李祥敏,행정안전부,2022-05-12,2024-12-08,False,,,,,
BD009,R0250,김장수,金章洙,국방부,2008-02-25,2008-02-29,False,,,,,
BD010,R0311,박재완,朴宰完,기획재정부,2011-06-02,2013-02-24,False,,,,,
BD011,R0141,김정길,金正吉,법무부,2002-07-11,2002-11-05,False,,,,,
BD012,R0055,김정길,金正吉,행정자치부,1998-03-03,1999-02-06,False,,,,,
BD013,R0206,박홍수,朴弘綏,농림부,2005-01-05,2007-08-31,True,2005-01-05,2005-01-10,열린우리당,비례대표,17.0
BD014,R0493,권영세,權寧世,통일부,2022-05-13,2023-07-28,True,2022-05-13,2023-07-28,국민의힘,서울 용산구,21.0
BD015,R0438,문성혁,文成赫,해양수산부,2019-04-03,2022-05-09,False,,,,,
BD016,R0271,원세훈,元世勳,행정안전부,2008-02-29,2009-02-12,False,,,,,
BD017,R0314,김금래,金錦來,여성가족부,2011-09-17,2013-02-24,True,2011-09-17,2011-09-29,한나라당,비례대표,18.0
BD018,R0440,박영선,朴映宣,중소벤처기업부,2019-04-08,2021-01-20,True,2019-04-08,2020-05-29,더불어민주당,서울 구로구을,20.0
BD019,R0114,정우택,鄭宇澤,해양수산부,2001-03-26,2001-09-07,True,2001-03-26,2001-09-07,자유민주연합,"충북 진천,괴산,음성군",16.0
BD020,R0510,오영주,吳姈姝,중소벤처기업부,2023-12-29,2025-06-03,False,,,,,
BD021,R0486,권칠승,權七勝,중소벤처기업부,2022-05-10,2022-05-12,True,2022-05-10,2022-05-12,더불어민주당,경기 화성시병,21.0
BD022,R0548,김윤덕,金潤德,국토교통부,2025-07-31,2026-09-22,True,2025-07-31,2026-09-22,더불어민주당,전북 전주시갑,22.0
BD023,R0171,한명숙,韓明淑,환경부,2003-02-27,2004-02-16,False,,,,,
BD024,R0111,장재식,張在植,산업자원부,2001-03-26,2002-01-29,True,2001-03-26,2002-01-29,자유민주연합,서울 서대문구을,16.0
