audit_id,nominee,office_title,year_hint
BN001,이한동,국무총리,2000
BN002,한성숙,중소벤처기업부장관,2025
BN003,최휘영,문화체육관광부장관,2025
BN004,신원식,국방부장관,2023
BN005,문성혁,해양수산부장관,2019
BN006,박은경,환경부장관,2008
BN007,조대엽,고용노동부장관,2017
BN008,김우식,부총리 겸 과학기술부장관,2006
BN009,강경화,외교부장관,2017
BN010,권오규,부총리 겸 재정경제부장관,2006
BN011,용혜인,성평등가족부장관,2026
BN012,정동영,통일부장관,2025
BN013,이윤호,산업자원부장관 (지식경제부장관 once 법률 제8852호 took effect),2008
BN014,문창극,국무총리,2014
BN015,이춘호,"국무위원 (no portfolio in the request, announced as 여성담당 특임장관)",2008
BN016,김민석,국무총리,2025
BN017,정성호,법무부장관,2025
BN018,방하남,고용노동부장관,2013
BN019,한덕수,국무총리,2022
BN020,김인철,부총리 겸 교육부장관,2022
BN021,김장수,국방부장관,2006
BN022,홍윤식,행정자치부장관,2015
BN023,주형환,산업통상자원부장관,2015
BN024,조동호,과학기술정보통신부장관,2019
