kr_hearings_family,roster_lineage,ministries,n_observation_rows,relation,note
(blank),(no alias row),(blank),53,family_blank,kr-hearings left ministry_family blank (garbled or missing ministry name). ministry_alias.csv maps these strings
(blank),agriculture,농린수산식품부; 농림수산식푸부,2,family_blank,kr-hearings left ministry_family blank (garbled or missing ministry name). ministry_alias.csv maps these strings
(blank),budget,기획예처,1,family_blank,kr-hearings left ministry_family blank (garbled or missing ministry name). ministry_alias.csv maps these strings
(blank),education,교육기술과학부,1,family_blank,kr-hearings left ministry_family blank (garbled or missing ministry name). ministry_alias.csv maps these strings
(blank),finance,기획개정부; 재경경제부; 재졍경제부; 총리겸재정경제부,5,family_blank,kr-hearings left ministry_family blank (garbled or missing ministry name). ministry_alias.csv maps these strings
(blank),gender,0여성가족부,1,family_blank,kr-hearings left ministry_family blank (garbled or missing ministry name). ministry_alias.csv maps these strings
(blank),health,보건가족부; 복지복지가족부,2,family_blank,kr-hearings left ministry_family blank (garbled or missing ministry name). ministry_alias.csv maps these strings
(blank),industry,지시경제부,1,family_blank,kr-hearings left ministry_family blank (garbled or missing ministry name). ministry_alias.csv maps these strings
(blank),interior,정안전부; 행정안정부; 행정자차부,5,family_blank,kr-hearings left ministry_family blank (garbled or missing ministry name). ministry_alias.csv maps these strings
agriculture,agriculture,농림부; 농림수산식품부; 농림축산식품부,1471,one_to_one,same key
culture,culture,문화관광부; 문화체육관광부,1308,one_to_one,same key
defense,defense,국방부,1361,one_to_one,same key
education,education,교육과학기술부; 교육부; 교육인적자원부,1575,one_to_one,same key
environment,environment,기후에너지환경부; 환경부,1023,one_to_one,same key
finance_planning,budget,기획예산처,409,family_spans_lineages,"kr-hearings family finance_planning covers roster lineages budget, finance. Take the lineage from ministry_alias.csv, not from the family"
finance_planning,finance,기획재정부; 재정경제부,2081,family_spans_lineages,"kr-hearings family finance_planning covers roster lineages budget, finance. Take the lineage from ministry_alias.csv, not from the family"
foreign_affairs,foreign,외교부; 외교통상부,1068,one_to_one,"same grouping, only the key differs"
gender_family,gender,여성가족부; 여성부,694,one_to_one,"same grouping, only the key differs"
health_welfare,health,보건복지가족부; 보건복지부,1546,one_to_one,"same grouping, only the key differs"
industry,industry,산업자원부; 산업통상부; 산업통상자원부; 지식경제부,1561,one_to_one,same key
interior,interior,안전행정부; 행정안전부; 행정자치부,1771,one_to_one,same key
justice,justice,법무부,1182,one_to_one,same key
labor,labor,고용노동부; 노동부,1137,one_to_one,same key
land_transport,land,건설교통부; 국토교통부; 국토해양부,1698,one_to_one,"same grouping, only the key differs"
oceans,oceans,해양수산부,773,one_to_one,same key
prime_minister,pm,국무총리,500,one_to_one,"same grouping, only the key differs"
public_safety,safety,국민안전처,55,one_to_one,"same grouping, only the key differs"
science_ict,ict,정보통신부,396,family_spans_lineages,"kr-hearings family science_ict covers roster lineages ict, science. Take the lineage from ministry_alias.csv, not from the family"
science_ict,science,과학기술부; 과학기술정보통신부; 미래창조과학부,769,family_spans_lineages,"kr-hearings family science_ict covers roster lineages ict, science. Take the lineage from ministry_alias.csv, not from the family"
sme,sme,중소벤처기업부,203,one_to_one,same key
special_affairs,special,특임장관,74,one_to_one,"same grouping, only the key differs"
unification,unification,통일부,923,one_to_one,same key
veterans,veterans,국가보훈부,31,one_to_one,same key
