office,lineage,from,to,is_kukmuwiwon,in_scope,deputy_pm_title,legal_basis,source_inventory
건설부,land,1988-02-25,1994-12-22,True,True,,"법률 제3854호 (1987-01-01); 법률 제4831호 (1994-12-23 (부칙 제1조 단서, the date the 직제 took effect under 대통령령 제14438호·제14444호~제14447호·제14450호)); 대통령령 제14447호 (1994-12-23)",offices_1988.json
경제기획원,epb,1988-02-25,1994-12-22,True,True,"[{""title"": ""부총리 겸 경제기획원장관"", ""from"": ""1988-02-25"", ""to"": ""1994-12-22"", ""legal_basis"": ""제17조 (1987 version, 부총리 1인을 둘 수 있다, 부총리는 경제기획원장관이 겸임한다. From 1990-12-27 부총리 2인, 경제기획원장관과 통일원장관이 각각 겸임)"", ""source"": ""GOA_3854""}]","법률 제3854호 (1987-01-01); 법률 제4268호 (1990-12-27 (부칙 제1조 본문)); 법률 제4831호 (1994-12-23 (부칙 제1조 단서, the date the 직제 took effect under 대통령령 제14438호·제14444호~제14447호·제14450호)); 대통령령 제14438호 (1994-12-23)",offices_1988.json
과학기술처,science,1988-02-25,1998-02-27,True,True,,법률 제3854호 (1987-01-01); 법률 제5153호 (1996-08-08); 법률 제5529호 (전부개정) (1998-02-28),offices_1988.json
교통부,transport,1988-02-25,1994-12-22,True,True,,"법률 제3854호 (1987-01-01); 법률 제4831호 (1994-12-23 (부칙 제1조 단서, the date the 직제 took effect under 대통령령 제14438호·제14444호~제14447호·제14450호)); 대통령령 제14447호 (1994-12-23)",offices_1988.json
국가보훈처,veterans,1988-02-25,1998-02-27,False,False,,법률 제3854호 (1987-01-01); 법률 제5153호 (1996-08-08); 법률 제5529호 (전부개정) (1998-02-28),offices_1988.json
국무총리,pm,1988-02-25,1998-02-27,False,True,,"헌법 제10호 (전부개정) (1988-02-25); 헌법 제9호 (전부개정) (1980-10-27); 법률 제3854호 (1987-01-01); 법률 제4268호 (1990-12-27 (부칙 제1조 본문)); 법률 제4831호 (1994-12-23 (부칙 제1조 단서, the date the 직제 took effect under 대통령령 제14438호·제14444호~제14447호·제14450호))",offices_1988.json
국방부,defense,1988-02-25,1998-02-27,True,True,,법률 제3854호 (1987-01-01); 법률 제5153호 (1996-08-08),offices_1988.json
국토통일원,unification,1988-02-25,1990-12-26,True,True,,법률 제3854호 (1987-01-01); 법률 제4268호 (1990-12-27 (부칙 제1조 본문)),offices_1988.json
내무부,interior,1988-02-25,1998-02-27,True,True,,법률 제3854호 (1987-01-01); 법률 제5529호 (전부개정) (1998-02-28),offices_1988.json
노동부,labor,1988-02-25,1998-02-27,True,True,,법률 제3854호 (1987-01-01); 법률 제5153호 (1996-08-08),offices_1988.json
농림수산부,agriculture,1988-02-25,1996-08-07,True,True,,"법률 제3854호 (1987-01-01); 법률 제5153호 (1996-08-08 (부칙 제1조, the date the 해양수산부 직제 took effect under 대통령령 제15135호)); 대통령령 제15134호 (1996-08-08)",offices_1988.json
동력자원부,energy,1988-02-25,1993-03-05,True,True,,"법률 제3854호 (1987-01-01); 법률 제4541호 (1993-03-06 (부칙 제1조 단서, the date the 직제 took effect under 대통령령 제13869호·제13870호)); 대통령령 제13870호 (1993-03-06)",offices_1988.json
문교부,education,1988-02-25,1990-12-26,True,True,,법률 제3854호 (1987-01-01); 법률 제4268호 (1990-12-27 (부칙 제1조 본문)),offices_1988.json
문화공보부,culture,1988-02-25,1990-01-02,True,True,,"법률 제3854호 (1987-01-01); 법률 제4183호 (1990-01-03 (부칙 제1조 단서, the date the 직제 took effect under 대통령령 제12895호·제12898호·제12899호)); 대통령령 제12895호 (1990-01-03)",offices_1988.json
법무부,justice,1988-02-25,1998-02-27,True,True,,법률 제3854호 (1987-01-01); 법률 제5153호 (1996-08-08),offices_1988.json
법제처,,1988-02-25,1998-02-27,False,False,,법률 제3854호 (1987-01-01); 법률 제5153호 (1996-08-08); 법률 제5529호 (전부개정) (1998-02-28),offices_1988.json
보건사회부,health,1988-02-25,1994-12-22,True,True,,"법률 제3854호 (1987-01-01); 법률 제4831호 (1994-12-23 (부칙 제1조 단서, the date the 직제 took effect under 대통령령 제14438호·제14444호~제14447호·제14450호)); 대통령령 제14446호 (1994-12-23)",offices_1988.json
상공부,industry,1988-02-25,1993-03-05,True,True,,"법률 제3854호 (1987-01-01); 법률 제4541호 (1993-03-06 (부칙 제1조 단서, the date the 직제 took effect under 대통령령 제13869호·제13870호)); 대통령령 제13870호 (1993-03-06)",offices_1988.json
외무부,foreign,1988-02-25,1998-02-27,True,True,,법률 제3854호 (1987-01-01); 법률 제5529호 (전부개정) (1998-02-28),offices_1988.json
재무부,finance,1988-02-25,1994-12-22,True,True,,"법률 제3854호 (1987-01-01); 법률 제4831호 (1994-12-23 (부칙 제1조 단서, the date the 직제 took effect under 대통령령 제14438호·제14444호~제14447호·제14450호)); 대통령령 제14438호 (1994-12-23)",offices_1988.json
정무장관(제1),special,1988-02-25,1998-02-27,True,True,,법률 제3854호 (1987-01-01); 대통령령 제12142호 (1987-04-23); 대통령령 제14417호 (1994-11-26); 법률 제5153호 (1996-08-08); 법률 제5529호 (전부개정) (1998-02-28); 대통령령 제15715호 (1998-02-28),offices_1988.json
정무장관(제2),gender,1988-02-25,1998-02-27,True,True,,법률 제3854호 (1987-01-01); 대통령령 제12142호 (1987-04-23); 대통령령 제12809호 (1989-09-21); 대통령령 제14417호 (1994-11-26); 대통령령 제15099호 (제정) (1996-07-01); 법률 제5529호 부칙 제5조<33> (타법개정) (1998-02-28); 법률 제5529호 (전부개정) (1998-02-28); 대통령령 제15715호 (1998-02-28),offices_1988.json
체신부,ict,1988-02-25,1994-12-22,True,True,,"법률 제3854호 (1987-01-01); 법률 제4831호 (1994-12-23 (부칙 제1조 단서, the date the 직제 took effect under 대통령령 제14438호·제14444호~제14447호·제14450호)); 대통령령 제14445호 (1994-12-23)",offices_1988.json
체육부,sports,1988-02-25,1990-12-26,True,True,,법률 제3854호 (1987-01-01); 법률 제4268호 (1990-12-27 (부칙 제1조 본문)),offices_1988.json
총무처,general_affairs,1988-02-25,1998-02-27,True,True,,법률 제3854호 (1987-01-01); 법률 제5153호 (1996-08-08); 법률 제5529호 (전부개정) (1998-02-28),offices_1988.json
환경청,environment,1988-02-25,1990-01-02,False,False,,"법률 제3854호 (1987-01-01); 법률 제4183호 (1990-01-03 (부칙 제1조 단서, the date the 직제 took effect under 대통령령 제12895호·제12898호·제12899호)); 대통령령 제12899호 (1990-01-03)",offices_1988.json
공보처,public_info,1990-01-03,1998-02-27,True,True,,"법률 제4183호 (1990-01-03 (부칙 제1조 단서, the date the 직제 took effect under 대통령령 제12895호·제12898호·제12899호)); 대통령령 제12898호 (1990-01-03); 법률 제4268호 (1990-12-27 (부칙 제1조 본문)); 법률 제4831호 (1994-12-23 (부칙 제1조 단서, the date the 직제 took effect under 대통령령 제14438호·제14444호~제14447호·제14450호)); 법률 제5529호 (전부개정) (1998-02-28)",offices_1988.json
문화부,culture,1990-01-03,1993-03-05,True,True,,"법률 제4183호 (1990-01-03 (부칙 제1조 단서, the date the 직제 took effect under 대통령령 제12895호·제12898호·제12899호)); 대통령령 제12895호 (1990-01-03); 법률 제4541호 (1993-03-06 (부칙 제1조 단서, the date the 직제 took effect under 대통령령 제13869호·제13870호)); 대통령령 제13869호 (1993-03-06)",offices_1988.json
환경처,environment,1990-01-03,1994-12-22,True,True,,"법률 제4183호 (1990-01-03 (부칙 제1조 단서, the date the 직제 took effect under 대통령령 제12895호·제12898호·제12899호)); 대통령령 제12899호 (1990-01-03); 법률 제4268호 (1990-12-27 (부칙 제1조 본문)); 법률 제4831호 (1994-12-23 (부칙 제1조 단서, the date the 직제 took effect under 대통령령 제14438호·제14444호~제14447호·제14450호)); 대통령령 제14450호 (1994-12-23)",offices_1988.json
교육부,education,1990-12-27,1998-02-27,True,True,,법률 제4268호 (1990-12-27 (부칙 제1조 본문)); 법률 제5153호 (1996-08-08),offices_1988.json
체육청소년부,sports,1990-12-27,1993-03-05,True,True,,"법률 제4268호 (1990-12-27 (부칙 제1조 본문)); 대통령령 제13284호 (1991-02-01); 법률 제4541호 (1993-03-06 (부칙 제1조 단서, the date the 직제 took effect under 대통령령 제13869호·제13870호)); 대통령령 제13869호 (1993-03-06)",offices_1988.json
통일원,unification,1990-12-27,1998-02-27,True,True,"[{""title"": ""부총리 겸 통일원장관"", ""from"": ""1990-12-27"", ""to"": ""1998-02-27"", ""legal_basis"": ""제17조①③ as amended by 법률 제4268호 (부총리 2인, 경제기획원장관과 통일원장관이 각각 겸임), kept by 법률 제4831호"", ""source"": ""GOA_4268""}]",법률 제4268호 (1990-12-27 (부칙 제1조 본문)); 법률 제5153호 (1996-08-08); 법률 제5529호 (전부개정) (1998-02-28),offices_1988.json
문화체육부,culture,1993-03-06,1998-02-27,True,True,,"법률 제4541호 (1993-03-06 (부칙 제1조 단서, the date the 직제 took effect under 대통령령 제13869호·제13870호)); 대통령령 제13869호 (1993-03-06); 법률 제4831호 (1994-12-23 (부칙 제1조 단서, the date the 직제 took effect under 대통령령 제14438호·제14444호~제14447호·제14450호)); 법률 제5529호 (전부개정) (1998-02-28)",offices_1988.json
상공자원부,industry,1993-03-06,1994-12-22,True,True,,"법률 제4541호 (1993-03-06 (부칙 제1조 단서, the date the 직제 took effect under 대통령령 제13869호·제13870호)); 대통령령 제13870호 (1993-03-06); 법률 제4831호 (1994-12-23 (부칙 제1조 단서, the date the 직제 took effect under 대통령령 제14438호·제14444호~제14447호·제14450호))",offices_1988.json
건설교통부,land,1994-12-23,1998-02-27,True,True,,"법률 제4831호 (1994-12-23 (부칙 제1조 단서, the date the 직제 took effect under 대통령령 제14438호·제14444호~제14447호·제14450호)); 대통령령 제14447호 (1994-12-23); 법률 제5153호 (1996-08-08 (부칙 제1조, the date the 해양수산부 직제 took effect under 대통령령 제15135호))",offices_1988.json
보건복지부,health,1994-12-23,1998-02-27,True,True,,"법률 제4831호 (1994-12-23 (부칙 제1조 단서, the date the 직제 took effect under 대통령령 제14438호·제14444호~제14447호·제14450호)); 대통령령 제14446호 (1994-12-23)",offices_1988.json
재정경제원,finance,1994-12-23,1998-02-27,True,True,"[{""title"": ""부총리 겸 재정경제원장관"", ""from"": ""1994-12-23"", ""to"": ""1998-02-27"", ""legal_basis"": ""제17조③ as amended by 법률 제4831호 (부총리는 재정경제원장관과 통일원장관이 각각 겸임한다)"", ""source"": ""GOA_4831""}]","법률 제4831호 (1994-12-23 (부칙 제1조 단서, the date the 직제 took effect under 대통령령 제14438호·제14444호~제14447호·제14450호)); 대통령령 제14438호 (1994-12-23); 법률 제5153호 (1996-08-08); 법률 제5529호 (전부개정) (1998-02-28)",offices_1988.json
정보통신부,ict,1994-12-23,1998-02-27,True,True,,"법률 제4831호 (1994-12-23 (부칙 제1조 단서, the date the 직제 took effect under 대통령령 제14438호·제14444호~제14447호·제14450호)); 대통령령 제14445호 (1994-12-23)",offices_1988.json
통상산업부,industry,1994-12-23,1998-02-27,True,True,,"법률 제4831호 (1994-12-23 (부칙 제1조 단서, the date the 직제 took effect under 대통령령 제14438호·제14444호~제14447호·제14450호)); 대통령령 제14444호 (1994-12-23); 법률 제5529호 (전부개정) (1998-02-28)",offices_1988.json
환경부,environment,1994-12-23,1998-02-27,True,True,,"법률 제4831호 (1994-12-23 (부칙 제1조 단서, the date the 직제 took effect under 대통령령 제14438호·제14444호~제14447호·제14450호)); 대통령령 제14450호 (1994-12-23)",offices_1988.json
중소기업청,sme,1996-02-09,1998-02-27,False,False,,"법률 제5150호 (1996-02-09 (부칙 제1조, 대통령령 제14909호)); 대통령령 제14909호 (1996-02-09)",offices_1988.json
농림부,agriculture,1996-08-08,1998-02-27,True,True,,"법률 제5153호 (1996-08-08 (부칙 제1조, the date the 해양수산부 직제 took effect under 대통령령 제15135호)); 대통령령 제15134호 (1996-08-08)",offices_1988.json
해양수산부,oceans,1996-08-08,1998-02-27,True,True,,"법률 제5153호 (1996-08-08 (부칙 제1조, the date the 해양수산부 직제 took effect under 대통령령 제15135호)); 대통령령 제15135호 (1996-08-08)",offices_1988.json
건설교통부,land,1998-02-25,2008-02-28,True,True,,법률 제5153호 (1996-08-08); 법률 제5529호 (전부개정) (1998-02-28); 법률 제8852호 (전부개정) (2008-02-29),offices.json
공보처,,1998-02-25,1998-02-27,True,True,,법률 제5153호 (1996-08-08); 법률 제5529호 (전부개정) (1998-02-28),offices.json
과학기술처,science,1998-02-25,1998-02-27,True,True,,법률 제5153호 (1996-08-08); 법률 제5529호 (전부개정) (1998-02-28),offices.json
교육부,education,1998-02-25,2001-01-28,True,True,,법률 제5153호 (1996-08-08); 법률 제5529호 (전부개정) (1998-02-28); 법률 제6400호 (2001-01-29),offices.json
국가보훈처,veterans,1998-02-25,2023-06-04,False,False,,"법률 제5153호 (1996-08-08); 법률 제5529호 (전부개정) (1998-02-28); 법률 제7186호 (2004-03-11); 법률 제8852호 (전부개정) (2008-02-29); 법률 제11690호 (전부개정) (2013-03-23); 법률 제14839호 (2017-07-26); 법률 제19228호 (2023-06-05 (부칙 제1조, 공포 후 3개월))",offices.json
국무총리,pm,1998-02-25,2026-09-24,False,True,,헌법 제10호 (전부개정) (1988-02-25),offices.json
국방부,defense,1998-02-25,2026-09-24,True,True,,법률 제5153호 (1996-08-08); 법률 제5529호 (전부개정) (1998-02-28); 법률 제8852호 (전부개정) (2008-02-29); 법률 제11690호 (전부개정) (2013-03-23); 법률 제21065호 (version effective 2026-01-02) (2026-01-02),offices.json
내무부,interior,1998-02-25,1998-02-27,True,True,,법률 제5153호 (1996-08-08); 법률 제5529호 (전부개정) (1998-02-28),offices.json
노동부,labor,1998-02-25,2010-07-04,True,True,,"법률 제5153호 (1996-08-08); 법률 제5529호 (전부개정) (1998-02-28); 법률 제8852호 (전부개정) (2008-02-29); 법률 제10339호 (2010-07-05 (부칙 제1조, 공포 후 1개월))",offices.json
농림부,agriculture,1998-02-25,2008-02-28,True,True,,법률 제5153호 (1996-08-08); 법률 제5529호 (전부개정) (1998-02-28); 법률 제8852호 (전부개정) (2008-02-29),offices.json
문화체육부,culture,1998-02-25,1998-02-27,True,True,,법률 제5153호 (1996-08-08); 법률 제5529호 (전부개정) (1998-02-28),offices.json
법무부,justice,1998-02-25,2026-09-24,True,True,,법률 제5153호 (1996-08-08); 법률 제5529호 (전부개정) (1998-02-28); 법률 제8852호 (전부개정) (2008-02-29); 법률 제11690호 (전부개정) (2013-03-23); 법률 제21065호 (version effective 2026-01-02) (2026-01-02),offices.json
보건복지부,health,1998-02-25,2008-02-28,True,True,,법률 제5153호 (1996-08-08); 법률 제5529호 (전부개정) (1998-02-28); 법률 제8852호 (전부개정) (2008-02-29),offices.json
외무부,foreign,1998-02-25,1998-02-27,True,True,,법률 제5153호 (1996-08-08); 법률 제5529호 (전부개정) (1998-02-28),offices.json
재정경제원,finance,1998-02-25,1998-02-27,True,True,"[{""title"": ""부총리 겸 재정경제원장관"", ""from"": ""1998-02-25"", ""to"": ""1998-02-27"", ""legal_basis"": ""정부조직법 제17조③ (법률 제5153호 version)"", ""source"": ""GOA_5153""}]",법률 제5153호 (1996-08-08); 법률 제5529호 (전부개정) (1998-02-28),offices.json
정무장관(제1),special,1998-02-25,1998-02-27,True,True,,법률 제5153호 (1996-08-08); as amended by 대통령령 제15462호 (1997-08-13); 법률 제5529호 (전부개정) (1998-02-28); 대통령령 제15715호 (1998-02-28),offices.json
정무장관(제2),special,1998-02-25,1998-02-27,True,True,,법률 제5153호 (1996-08-08); as amended by 대통령령 제15462호 (1997-08-13); 법률 제5529호 (전부개정) (1998-02-28); 대통령령 제15715호 (1998-02-28),offices.json
정보통신부,ict,1998-02-25,2008-02-28,True,True,,법률 제5153호 (1996-08-08); 법률 제5529호 (전부개정) (1998-02-28); 법률 제8852호 (전부개정) (2008-02-29),offices.json
중소기업청,sme,1998-02-25,2017-07-25,False,False,,법률 제5153호 (1996-08-08); 법률 제5529호 (전부개정) (1998-02-28); 법률 제8852호 (전부개정) (2008-02-29); 법률 제11690호 (전부개정) (2013-03-23); 법률 제14839호 (2017-07-26),offices.json
총무처,interior,1998-02-25,1998-02-27,True,True,,법률 제5153호 (1996-08-08); 법률 제5529호 (전부개정) (1998-02-28),offices.json
통상산업부,industry,1998-02-25,1998-02-27,True,True,,법률 제5153호 (1996-08-08); 법률 제5529호 (전부개정) (1998-02-28),offices.json
통일원,unification,1998-02-25,1998-02-27,True,True,"[{""title"": ""부총리 겸 통일원장관"", ""from"": ""1998-02-25"", ""to"": ""1998-02-27"", ""legal_basis"": ""정부조직법 제17조③ (법률 제5153호 version)"", ""source"": ""GOA_5153""}]",법률 제5153호 (1996-08-08); 법률 제5529호 (전부개정) (1998-02-28),offices.json
해양수산부,oceans,1998-02-25,2008-02-28,True,True,,법률 제5153호 (1996-08-08); 법률 제5529호 (전부개정) (1998-02-28); 법률 제8852호 (전부개정) (2008-02-29),offices.json
환경부,environment,1998-02-25,2025-09-30,True,True,,법률 제5153호 (1996-08-08); 법률 제5529호 (전부개정) (1998-02-28); 법률 제8852호 (전부개정) (2008-02-29); 법률 제11690호 (전부개정) (2013-03-23); 법률 제21065호 (2025-10-01),offices.json
과학기술부,science,1998-02-28,2008-02-28,True,True,"[{""title"": ""부총리 겸 과학기술부장관"", ""from"": ""2004-10-18"", ""to"": ""2008-02-28"", ""legal_basis"": ""정부조직법 제19조의2 as amended by 법률 제7217호, effective on the date 대통령령 제18561호 took effect (부칙 제1조 단서)"", ""source"": ""GOA_7217"", ""effective_date_source"": ""DEC_18561""}]","법률 제5529호 (전부개정) (1998-02-28); 법률 제7217호 (2004-10-18 (부칙 제1조 단서, the date the 과학기술부 직제 took effect under 대통령령 제18561호)); 법률 제8852호 (전부개정) (2008-02-29)",offices.json
기획예산위원회,budget,1998-02-28,1999-05-23,False,False,,법률 제5529호 (전부개정) (1998-02-28); 법률 제5982호 (1999-05-24),offices.json
문화관광부,culture,1998-02-28,2008-02-28,True,True,,법률 제5529호 (전부개정) (1998-02-28); 법률 제8852호 (전부개정) (2008-02-29),offices.json
산업자원부,industry,1998-02-28,2008-02-28,True,True,,법률 제5529호 (전부개정) (1998-02-28); 법률 제8852호 (전부개정) (2008-02-29),offices.json
여성특별위원회,gender,1998-02-28,2001-01-28,False,False,,법률 제5529호 (전부개정) (1998-02-28); 법률 제6400호 (2001-01-29),offices.json
예산청,budget,1998-02-28,1999-05-23,False,False,,법률 제5529호 (전부개정) (1998-02-28); 법률 제5982호 (1999-05-24),offices.json
외교통상부,foreign,1998-02-28,2013-03-22,True,True,,법률 제5529호 (전부개정) (1998-02-28); 법률 제8852호 (전부개정) (2008-02-29); 법률 제11690호 (전부개정) (2013-03-23),offices.json
재정경제부,finance,1998-02-28,2008-02-28,True,True,"[{""title"": ""부총리 겸 재정경제부장관"", ""from"": ""2001-01-29"", ""to"": ""2008-02-28"", ""legal_basis"": ""정부조직법 제19조의2 (법률 제6400호) until its deletion by 법률 제8852호 (부총리제 폐지)"", ""source"": ""GOA_6400""}]",법률 제5529호 (전부개정) (1998-02-28); 법률 제6400호 (2001-01-29); 법률 제8852호 (전부개정) (2008-02-29),offices.json
통일부,unification,1998-02-28,2026-09-24,True,True,,법률 제5529호 (전부개정) (1998-02-28); 법률 제8852호 (전부개정) (2008-02-29); 법률 제11690호 (전부개정) (2013-03-23); 법률 제21065호 (version effective 2026-01-02) (2026-01-02),offices.json
행정자치부,interior,1998-02-28,2008-02-28,True,True,,법률 제5529호 (전부개정) (1998-02-28); 법률 제8852호 (전부개정) (2008-02-29),offices.json
국정홍보처,,1999-05-24,2008-02-28,False,False,,법률 제5982호 (1999-05-24); 법률 제8852호 (전부개정) (2008-02-29),offices.json
기획예산처,budget,1999-05-24,2008-02-28,True,True,,법률 제5982호 (1999-05-24); 법률 제8852호 (전부개정) (2008-02-29),offices.json
교육인적자원부,education,2001-01-29,2008-02-28,True,True,"[{""title"": ""부총리 겸 교육인적자원부장관"", ""from"": ""2001-01-29"", ""to"": ""2008-02-28"", ""legal_basis"": ""정부조직법 제19조의2 (법률 제6400호) until deleted by 법률 제8852호"", ""source"": ""GOA_6400""}]",법률 제6400호 (2001-01-29); 법률 제8852호 (전부개정) (2008-02-29),offices.json
여성부,gender,2001-01-29,2005-06-22,True,True,,"법률 제6400호 (2001-01-29); 법률 제7413호 (2005-06-23 (부칙 제1조제1호, the date the 여성가족부 직제 took effect under 대통령령 제18873호))",offices.json
여성가족부,gender,2005-06-23,2008-02-28,True,True,,"법률 제7413호 (2005-06-23 (부칙 제1조제1호, the date the 여성가족부 직제 took effect under 대통령령 제18873호)); 대통령령 제18873호 (제정) (2005-06-23); 법률 제8852호 (전부개정) (2008-02-29)",offices.json
교육과학기술부,education,2008-02-29,2013-03-22,True,True,,법률 제8852호 (전부개정) (2008-02-29); 법률 제11690호 (전부개정) (2013-03-23),offices.json
국토해양부,land,2008-02-29,2013-03-22,True,True,,법률 제8852호 (전부개정) (2008-02-29); 법률 제11690호 (전부개정) (2013-03-23),offices.json
금융위원회,,2008-02-29,2026-09-24,False,False,,법률 제8863호 (2008-02-29); version effective 2026-01-02 (타법개정 법률 제21065호) (2026-01-02),offices.json
기획재정부,finance,2008-02-29,2026-01-01,True,True,"[{""title"": ""부총리 겸 기획재정부장관"", ""from"": ""2013-03-23"", ""to"": ""2026-01-01"", ""legal_basis"": ""정부조직법 제19조 (법률 제11690호), continued by 법률 제12844호 and 법률 제21065호 (2025-10-01 version)"", ""source"": ""GOA_11690""}]",법률 제8852호 (전부개정) (2008-02-29); 법률 제11690호 (전부개정) (2013-03-23); 법률 제21065호 (2026-01-02 (부칙 제1조제1호가목·나목)),offices.json
농림수산식품부,agriculture,2008-02-29,2013-03-22,True,True,,법률 제8852호 (전부개정) (2008-02-29); 법률 제11690호 (전부개정) (2013-03-23),offices.json
문화체육관광부,culture,2008-02-29,2026-09-24,True,True,,법률 제8852호 (전부개정) (2008-02-29); 법률 제11690호 (전부개정) (2013-03-23); 법률 제21065호 (version effective 2026-01-02) (2026-01-02),offices.json
방송통신위원회,,2008-02-29,2025-09-30,False,False,,"법률 제8867호 (제정) (2008-02-29); 법률 제21066호 (제정), 부칙 제2조 (2025-10-01)",offices.json
보건복지가족부,health,2008-02-29,2010-03-18,True,True,,"법률 제8852호 (전부개정) (2008-02-29); 법률 제9932호 (2010-03-19 (부칙 제1조, 공포 후 2개월))",offices.json
여성부,gender,2008-02-29,2010-03-18,True,True,,"법률 제8852호 (전부개정) (2008-02-29); 법률 제9932호 (2010-03-19 (부칙 제1조, 공포 후 2개월))",offices.json
지식경제부,industry,2008-02-29,2013-03-22,True,True,,법률 제8852호 (전부개정) (2008-02-29); 법률 제11690호 (전부개정) (2013-03-23),offices.json
특임장관,special,2008-02-29,2013-03-22,True,True,,법률 제8852호 (전부개정) (2008-02-29); 법률 제11690호 (전부개정) (2013-03-23),offices.json
행정안전부,interior,2008-02-29,2013-03-22,True,True,,법률 제8852호 (전부개정) (2008-02-29); 법률 제11690호 (전부개정) (2013-03-23),offices.json
보건복지부,health,2010-03-19,2026-09-24,True,True,,"법률 제9932호 (2010-03-19 (부칙 제1조, 공포 후 2개월)); 법률 제11690호 (전부개정) (2013-03-23); 법률 제21065호 (version effective 2026-01-02) (2026-01-02)",offices.json
여성가족부,gender,2010-03-19,2025-09-30,True,True,,"법률 제9932호 (2010-03-19 (부칙 제1조, 공포 후 2개월)); 법률 제11690호 (전부개정) (2013-03-23); 법률 제21065호 (2025-10-01)",offices.json
고용노동부,labor,2010-07-05,2026-09-24,True,True,,"법률 제10339호 (2010-07-05 (부칙 제1조, 공포 후 1개월)); 법률 제11690호 (전부개정) (2013-03-23); 법률 제21065호 (version effective 2026-01-02) (2026-01-02)",offices.json
교육부,education,2013-03-23,2026-09-24,True,True,"[{""title"": ""부총리 겸 교육부장관"", ""from"": ""2014-11-19"", ""to"": ""2025-09-30"", ""legal_basis"": ""정부조직법 제19조③⑤ (법률 제12844호), ended by 법률 제21065호 (2025-10-01), which abolished the 부총리 held by the 교육부장관"", ""source"": ""GOA_12844"", ""end_source"": ""GOA_21065_a""}]",법률 제11690호 (전부개정) (2013-03-23); 법률 제12844호 (2014-11-19); 법률 제21065호 (2025-10-01); 법률 제21065호 (version effective 2026-01-02) (2026-01-02),offices.json
국토교통부,land,2013-03-23,2026-09-24,True,True,,법률 제11690호 (전부개정) (2013-03-23); 법률 제21065호 (version effective 2026-01-02) (2026-01-02),offices.json
농림축산식품부,agriculture,2013-03-23,2026-09-24,True,True,,법률 제11690호 (전부개정) (2013-03-23); 법률 제21065호 (version effective 2026-01-02) (2026-01-02),offices.json
미래창조과학부,science,2013-03-23,2017-07-25,True,True,,법률 제11690호 (전부개정) (2013-03-23); 법률 제14839호 (2017-07-26),offices.json
산업통상자원부,industry,2013-03-23,2025-09-30,True,True,,법률 제11690호 (전부개정) (2013-03-23); 법률 제21065호 (2025-10-01),offices.json
안전행정부,interior,2013-03-23,2014-11-18,True,True,,법률 제11690호 (전부개정) (2013-03-23); 법률 제12844호 (2014-11-19),offices.json
외교부,foreign,2013-03-23,2026-09-24,True,True,,법률 제11690호 (전부개정) (2013-03-23); 법률 제21065호 (version effective 2026-01-02) (2026-01-02),offices.json
해양수산부,oceans,2013-03-23,2026-09-24,True,True,,법률 제11690호 (전부개정) (2013-03-23); 법률 제21065호 (version effective 2026-01-02) (2026-01-02),offices.json
국민안전처,,2014-11-19,2017-07-25,True,True,,법률 제12844호 (2014-11-19); 법률 제14839호 (2017-07-26),offices.json
인사혁신처,,2014-11-19,2026-09-24,False,False,,법률 제12844호 (2014-11-19); 법률 제21065호 (version effective 2026-01-02) (2026-01-02),offices.json
행정자치부,interior,2014-11-19,2017-07-25,True,True,,법률 제12844호 (2014-11-19); 법률 제14839호 (2017-07-26),offices.json
과학기술정보통신부,science,2017-07-26,2026-09-24,True,True,"[{""title"": ""부총리 겸 과학기술정보통신부장관"", ""from"": ""2025-10-01"", ""to"": ""2026-09-24"", ""legal_basis"": ""정부조직법 제19조③⑤ as amended by 법률 제21065호 (effective on promulgation 2025-10-01)"", ""source"": ""GOA_21065_a""}]",법률 제14839호 (2017-07-26); 법률 제21065호 (2025-10-01); 법률 제21065호 (version effective 2026-01-02) (2026-01-02),offices.json
중소벤처기업부,sme,2017-07-26,2026-09-24,True,True,,법률 제14839호 (2017-07-26); 법률 제21065호 (version effective 2026-01-02) (2026-01-02),offices.json
행정안전부,interior,2017-07-26,2026-09-24,True,True,,법률 제14839호 (2017-07-26); 법률 제21065호 (version effective 2026-01-02) (2026-01-02),offices.json
국가보훈부,veterans,2023-06-05,2026-09-24,True,True,,"법률 제19228호 (2023-06-05 (부칙 제1조, 공포 후 3개월)); 법률 제21065호 (version effective 2026-01-02) (2026-01-02)",offices.json
기후에너지환경부,environment,2025-10-01,2026-09-24,True,True,,법률 제21065호 (2025-10-01); 법률 제21065호 (version effective 2026-01-02) (2026-01-02),offices.json
방송미디어통신위원회,,2025-10-01,2026-09-24,False,False,,법률 제21066호 (제정) (2025-10-01),offices.json
산업통상부,industry,2025-10-01,2026-09-24,True,True,,법률 제21065호 (2025-10-01); 법률 제21065호 (version effective 2026-01-02) (2026-01-02),offices.json
성평등가족부,gender,2025-10-01,2026-09-24,True,True,,법률 제21065호 (2025-10-01); 법률 제21065호 (version effective 2026-01-02) (2026-01-02),offices.json
기획예산처,budget,2026-01-02,2026-09-24,True,True,,법률 제21065호 (2026-01-02 (부칙 제1조제1호가목·나목)),offices.json
재정경제부,finance,2026-01-02,2026-09-24,True,True,"[{""title"": ""부총리 겸 재정경제부장관"", ""from"": ""2026-01-02"", ""to"": ""2026-09-24"", ""legal_basis"": ""정부조직법 제19조③④ (법률 제21065호, 재정경제부 part effective 2026-01-02 under 부칙 제1조제1호)"", ""source"": ""GOA_21065_b""}]",법률 제21065호 (2026-01-02 (부칙 제1조제1호가목·나목)),offices.json
