person_id,name,name_hanja,birth_date,mona_cd,na_match_method,na_terms
P003c660c,곽결호,郭決鎬,1946-03-15,,no_member_with_name,
P011d92a0,이상희,李祥羲,1938-09-01,78Y31029,birth,"11,12,15,16"
P0124007d,오장섭,吳長燮,1947-08-13,NJ55552S,hanja,"14,15,16"
P014ebf13,홍지선,洪志宣,1970,,no_member_with_name,
P01f33de0,김희정,金姬廷,1971-04-13,HRG9655C,hanja,"17,19,22"
P0283b042,김부겸,金富謙,1958-01-21,UIZ3103R,hanja,"16,17,18,20"
P02b909da,김성호,金成豪,1946-10-21,,distinct_namesake,
P02fb856a,황종우,黃鐘宇,1967-11-10,,no_member_with_name,
P034eeb2c,서승환,徐昇煥,1956-06-28,,no_member_with_name,
P05a0ce99,김병일,金炳日,1945-09-01,,no_member_with_name,
P05cb72e6,김장수,金章洙,1948-02-26,H6Z15266,hanja,18
P06b598d7,박영선,朴映宣,1960-01-22,S8431719,hanja,"17,18,19,20"
P07253267,강인덕,康仁德,1932-11-10,,no_member_with_name,
P07269adf,천정배,千正培,1954-12-12,3SP89633,hanja,"15,16,17,18,19,20"
P07401ec1,노재봉,盧在鳳,1936-02-08,MOD6911D,birth,14
P076587aa,이상룡,李相龍,1934,,no_member_with_name,
P0799f2e7,강창희,姜昌熙,1946-08-03,PAQ11014,hanja,"11,12,14,15,16,19"
P07b596ba,이상철,李相哲,1948-02-20,,distinct_namesake,
P07b7e529,윤형섭,尹亨燮,1933,,no_member_with_name,
P07febbfa,이환균,李桓均,,,no_member_with_name,
P082de8c0,박재윤,朴在潤,1941-07-25,,no_member_with_name,
P093f5def,한봉수,韓鳳洙,,,no_member_with_name,
P094730bb,홍남기,洪楠基,1960-07-29,,no_member_with_name,
P09ef79dc,김신일,金信一,1941-02-27,,no_member_with_name,
P0a8d3a30,오병문,吳炳文,1928-10-20,,no_member_with_name,
P0aed5072,강무현,姜武賢,1951,,no_member_with_name,
P0b166211,이치범,李致範,1954-09-25,,no_member_with_name,
P0b8a43c2,이동필,李桐弼,1955-08-29,,no_member_with_name,
P0be1e55e,이헌재,李憲宰,1944-04-17,,no_member_with_name,
P0c8b8b91,이기호,李起浩,1945-10-01,,no_member_with_name,
P0cb488a0,이용만,李龍萬,1933,,no_member_with_name,
P0cf579d5,백운규,白雲揆,1964-03-02,,no_member_with_name,
P0d50e992,이종남,李種南,,,distinct_namesake,
P0daf481c,이한동,李漢東,1934-12-05,NUX49887,birth,"11,12,13,14,15,16"
P0ebe2735,추미애,秋美愛,1958-10-23,URV1689Q,hanja,"15,16,18,19,20,22"
P0fc70cda,김하중,金夏中,1947-01-09,,no_member_with_name,
P103dea19,강영훈,姜英勳,1922-05-30,1MY6092K,hanja,13
P1042fe04,김식,金湜,1933-02-20,L5G4388K,hanja,"11,12"
P109f7b22,조순,趙淳,1928-02-01,8KH3730J,hanja,15
P115d5fd5,강병규,姜秉圭,1954-11-16,,distinct_namesake,
P115df695,황교안,黃敎安,1957-04-15,,no_member_with_name,
P116caac4,서명원,徐明源,1919-10-27,,no_member_with_name,
P11bdf325,김동익,金東益,1933,,no_member_with_name,
P123b3473,김용태,金瑢泰,1936-06-01,AE923641,hanja,"11,12,13,14"
P124f865a,권숙일,權肅一,,,no_member_with_name,
P12b18639,한동훈,韓東勳,1973-04-09,5DC8083A,hanja,22
P12d187ad,홍윤식,洪允植,1956-12-04,,no_member_with_name,
P130b84b0,김근태,金槿泰,1947-02-14,PJW7804X,hanja,"15,16,17"
P13bc7d00,장대환,張大煥,1952-03-21,,no_member_with_name,
P14b35a6d,방용석,方鏞錫,1945-11-06,8L98281J,hanja,15
P150b5ef2,박범계,朴範界,1963-04-27,7R156073,hanja,"19,20,21,22"
P159a002d,서정욱,徐廷旭,1934-11-19,,no_member_with_name,
P15efc1b8,김기춘,金淇春,1939-11-25,WVT1840E,hanja,"15,16,17"
P16409f43,이형일,李炯日,1971,,no_member_with_name,
P16ce5723,안정남,安正男,1941-09-25,,no_member_with_name,
P17e8a28d,조명균,趙明均,1957-11-17,,no_member_with_name,
P195fd347,강은희,姜恩姬,1964-10-23,3MR75193,hanja,19
P19c3b030,김성훈,金成勳,1939-09-20,,no_member_with_name,
P1a25905b,배경훈,裵慶勳,1976-05-10,,no_member_with_name,
P1b60bab4,채영복,蔡永福,1937-05-25,,no_member_with_name,
P1bf66a12,유삼남,柳三男,1941-09-10,XKE15891,birth,16
P1c23497a,허형구,許亨九,,,no_member_with_name,
P1c7f5f95,강동석,姜東錫,1938-08-18,,no_member_with_name,
P1cd43f55,변양균,卞良均,1949-11-15,,no_member_with_name,
P1d17f317,박순애,朴順愛,1965-04-21,,no_member_with_name,
P1d462069,이재정,李在禎,1944-03-01,RP62407F,birth,16
P1d52f015,안덕근,安德根,1968-04-21,,no_member_with_name,
P1de41da0,유일호,柳一鎬,1955-03-30,DMR40160,birth,"18,19"
P1f431d66,송민순,宋旻淳,1948-07-28,A1M4510O,hanja,18
P1f4ca13a,손주환,孫柱煥,1939-04-20,TJJ2271P,birth,13
P1f9049b0,정진엽,鄭鎭燁,1955-03-10,,no_member_with_name,
P1fd41fbd,이종찬,李鍾贊,1936-04-29,SDX64659,birth,"11,12,13,14"
P1fe75e84,김종호,金宗鎬,1935-11-30,OQ09860C,hanja,"11,12,13,14,15,16"
P20d60f1d,최명헌,崔明憲,1929-06-16,ARB2312Q,hanja,"11,12,16"
P20f9894d,김현수,金炫秀,1961-03-15,,distinct_namesake,
P21f218c3,최문기,崔文基,1951-04-07,,no_member_with_name,
P240f45f2,최창윤,崔昌潤,1939-09-07,C0E9428E,hanja,13
P242e0a0b,한성숙,韓聖淑,1967-06-20,,no_member_with_name,
P24b9d918,이종률,李鍾律,1941-09-26,7BJ2373D,birth,"10,12"
P25befdad,박상우,朴庠禹,1961-05-02,,no_member_with_name,
P26cf2a50,이진삼,李鎭三,1937-02-10,LR83348R,birth,18
P283f5644,이항규,李恒圭,,,no_member_with_name,
P285a4380,원희룡,元喜龍,1964-02-14,1EL35837,hanja,"16,17,18"
P28a037ad,최각규,崔珏圭,1933-11-03,OFA8515J,hanja,13
P28b3e41c,김양배,金良培,1938-11-06,1X78376F,birth,12
P28c5fdf6,안병화,安秉華,1931-10-01,,no_member_with_name,
P29110f96,박재규,朴在圭,1944,,distinct_namesake,
P29415e73,김현웅,金賢雄,1959-05-04,,no_member_with_name,
P2966e012,최휘영,崔輝永,1964-04-29,,no_member_with_name,
P29729735,이현재,李賢宰,1929-12-20,,distinct_namesake,
P29b6a58d,장승우,張丞玗,1948-01-22,,no_member_with_name,
P2a95b2e8,문용린,文龍鱗,1947-07-03,,no_member_with_name,
P2b0c5f76,정동성,鄭東星,1939-07-08,VFP5558B,hanja,"10,11,12,13"
P2b277814,이재오,李在五,1945-01-11,NDH62175,birth,"15,16,17,18,19"
P2b665ba2,김용갑,金容甲,1936-09-28,H2X6452Y,hanja,"15,16,17"
P2b9edfac,신원식,申源湜,1958-07-24,SRP7336N,hanja,21
P2bb77d23,최경환,崔炅煥,1955-02-27,FJ03481D,hanja,"17,18,19,20"
P2c80ac2f,구본영,具本英,1947-05-24,,no_member_with_name,
P2c83d1c8,이채필,李埰弼,1956-04-28,,no_member_with_name,
P2e2906b4,장재식,張在植,1935-01-19,F5N24241,hanja,"14,15,16"
P2edd6543,정인용,鄭寅用,,,no_member_with_name,
P2effbe8a,김연철,金鍊鐵,1964-03-26,,no_member_with_name,
P2f83959f,최성홍,崔成泓,1938-12-24,,no_member_with_name,
P307c5b28,양승택,梁承澤,1939-10-24,,no_member_with_name,
P3206c884,진선미,陳善美,1967-05-14,68P7228G,hanja,"19,20,21,22"
P341f9a63,유종하,柳宗夏,1936-07-28,,no_member_with_name,
P3601128f,강금실,康錦實,1957-02-12,,no_member_with_name,
P362a6074,홍사덕,洪思德,1943-03-05,BW19186J,hanja,"11,12,14,15,16,18"
P36bc35f7,김민석,金民錫,1964-05-29,MLH1404S,hanja,"15,16,21,22"
P370a901c,서상목,徐相穆,1947-07-11,33J43967,hanja,"13,14,15"
P3819f37e,임인택,林寅澤,1940-06-08,,no_member_with_name,
P38329bf2,윤성규,尹成奎,1956-05-08,,no_member_with_name,
P3857f08f,김호식,金昊植,1949-05-16,,no_member_with_name,
P38dedcaf,유진룡,劉震龍,1956-09-02,,no_member_with_name,
P38ea3615,강정애,姜貞愛,1957-05-05,,no_member_with_name,
P3953021c,김원길,金元吉,1943-01-02,YEB5724H,hanja,"14,15,16"
P3b039d03,임상규,任祥奎,1949-07-04,,no_member_with_name,
P3b293070,권도엽,權度燁,1953-08-20,,no_member_with_name,
P3b2a58ac,윤호중,尹昊重,1963-03-27,M0A1658U,hanja,"17,19,20,21,22"
P3b464dd2,박명재,朴明在,1947-07-05,OTE19384,hanja,"19,20"
P3b5dd0ed,유상임,劉相任,1959-10-10,,no_member_with_name,
P3b606d24,김성진,金成珍,1949-04-18,,distinct_namesake,
P3ba22b45,박승,朴昇,1936-02-16,,no_member_with_name,
P3c377483,김성이,金聖二,1946-12-05,,no_member_with_name,
P3d0159a7,정경두,鄭景斗,1960-09-13,,no_member_with_name,
P3d100ab2,이상민,李祥敏,1964-11-10,,distinct_namesake,
P3d1903d1,현승종,玄勝鍾,1919-01-26,,no_member_with_name,
P3d51abd0,이재용,李在庸,1954-07-01,,no_member_with_name,
P3e817547,김종덕,金鍾德,1957-03-28,,no_member_with_name,
P3ec42c63,이종섭,李鍾燮,1960-08-20,,no_member_with_name,
P3f683144,오명,吳明,1940-03-21,,no_member_with_name,
P40112385,장기오,張基梧,1932-02-03,,no_member_with_name,
P402a53a5,김영식,金永植,1930-05-04,,distinct_namesake,
P405a75c2,이홍구,李洪九,1934-05-09,S369529X,birth,15
P40dcd17b,정한모,鄭漢模,1923-10-27,,no_member_with_name,
P40f72b43,홍성철,洪性澈,1926-04-06,,no_member_with_name,
P4140a33c,정덕구,鄭德龜,1948-11-01,FOH4263F,hanja,17
P41648c7d,조성태,趙成台,1942-11-03,VZ33903V,hanja,17
P420b5a2c,이정옥,李貞玉,1955-12-05,,no_member_with_name,
P42af3e2e,정종섭,鄭宗燮,1957-06-16,CJX51868,hanja,20
P4340c1a3,유은혜,兪銀惠,1962-10-02,5CO4531H,hanja,"19,20"
P4388f54a,이귀남,李貴男,1951-04-08,,no_member_with_name,
P45048d2a,조경식,曺京植,1936-10-02,,no_member_with_name,
P45439f51,이정식,李正植,1961-02-23,,distinct_namesake,
P46d209d1,이돈희,李敦熙,1937-09-28,,no_member_with_name,
P480ea935,지은희,池銀嬉,1947-06-26,,no_member_with_name,
P482b2ddc,이희일,李熺逸,1931-03-07,XVI10805,birth,13
P485096bc,고건,高建,1938-01-02,UXM3373I,hanja,12
P48b1094d,정영의,鄭永儀,,,no_member_with_name,
P49394967,김영석,金榮錫,1959-02-25,,no_member_with_name,
P4a4ad82c,노형욱,盧炯旭,1962-10-09,,no_member_with_name,
P4a82c11f,황우여,黃祐呂,1947-08-03,Q5X4506F,birth,"15,16,17,18,19"
P4b1dcdb1,김성재,金聖在,,,no_member_with_name,
P4c6a3bc6,정성호,鄭成湖,1961-09-10,V429892C,hanja,"17,19,20,21,22"
P4c8b0fe2,한민구,韓民求,1951-08-30,,no_member_with_name,
P4cbc7499,이계익,李啓謚,,,no_member_with_name,
P4cddb7c2,김시중,金始中,,,no_member_with_name,
P4ce219c9,정종택,鄭宗澤,1935-02-20,EUJ8925R,hanja,"11,12,13"
P4cf665bc,신경식,辛卿植,1938-10-14,S4B6672D,hanja,"13,14,15,16"
P4d47c0da,남궁석,南宮晳,1938-09-20,T8T6598Q,hanja,16
P4e7318b3,김석수,金碩洙,1932-11-20,,no_member_with_name,
P4ed81eb6,박인용,朴仁鎔,1952-09-01,,no_member_with_name,
P506d5b6c,이정무,李廷武,1941-04-09,KNJ5466T,birth,"13,15"
P5090d555,최양희,崔陽熙,1955-07-27,,no_member_with_name,
P50ce7423,임채민,林采民,1958-04-10,,no_member_with_name,
P50e0e8b5,김태호,金泰鎬,1935-03-03,DTM59312,hanja,"12,13,15,16"
P51e8eebb,이완구,李完九,1950-06-02,WCA3290J,birth,"15,16,19"
P521141c5,강만수,姜萬洙,1945-06-30,,no_member_with_name,
P52959a37,장병완,張秉浣,1952-05-05,V8I36226,hanja,"18,19,20"
P52991b3a,이형구,李炯九,,,no_member_with_name,
P52ec9275,최인기,崔仁基,1944-03-18,L3X8851C,hanja,"17,18"
P5334890b,황희,黃熙,1967-07-28,0VU8517U,hanja,"20,21,22"
P5347d376,이규성,李揆成,1939-01-11,,no_member_with_name,
P53d14072,이종석,李鍾奭,1958-05-11,,no_member_with_name,
P556d8d7b,김명자,金明子,1944-07-13,6A77393C,hanja,17
P5598d726,유혁인,柳赫仁,1934,,no_member_with_name,
P5687873c,김영진,金泳鎭,1947-11-17,BCO6264C,hanja,"13,14,15,16,18"
P56eccc43,한덕수,韓悳洙,1949-06-18,,no_member_with_name,
P56eef62c,김현미,金賢美,1962-11-29,9XB6464U,hanja,"17,19,20"
P5705f3be,전해철,全海澈,1962-05-18,BM63269Y,hanja,"19,20,21"
P572fde7c,한승주,韓昇洲,1940-09-13,,no_member_with_name,
P57d51bf1,남재희,南載熙,1934-01-18,8JX2594Z,hanja,"10,11,12,13"
P5831933b,박상기,朴相基,1952-06-18,,no_member_with_name,
P583d955d,김윤덕,金潤德,1966-05-23,JZY9937U,hanja,"19,21,22"
P588f6916,김우석,金佑錫,1936-10-15,N2V3369G,hanja,13
P58e1c65c,차흥봉,車興奉,1942-11-10,,no_member_with_name,
P58e6ad34,김금래,金錦來,1952-08-06,J1G1329F,hanja,18
P58fbc955,정동영,鄭東泳,1953-07-27,ARP89147,hanja,"15,16,18,20,22"
P5901c7db,김영주,金榮柱,1950-01-02,,distinct_namesake,
P5992b2d8,방하남,房河男,1957-12-16,,no_member_with_name,
P5aa16448,김성호,金成浩,1950-03-02,,distinct_namesake,
P5b2c8d5a,임태희,任太熙,1956-12-01,PJ76653N,hanja,"16,17,18"
P5caa0d53,김재수,金在水,1957-02-20,,no_member_with_name,
P5ccb49f0,김한길,金한길,1953-09-17,1ZF7922T,hanja,"15,16,17,19"
P5d06ffb2,사공일,司空壹,1940-01-10,,no_member_with_name,
P5daf69bd,김태정,金泰政,,,no_member_with_name,
P5effa4c3,정영애,鄭英愛,1955,,no_member_with_name,
P5fefc239,박홍근,朴洪根,1969-10-08,S824682L,hanja,"19,20,21,22"
P5ff17642,최동섭,崔同燮,,,no_member_with_name,
P606400bc,서규용,徐圭龍,1948-01-09,,no_member_with_name,
P60737711,정세현,丁世鉉,1945,,no_member_with_name,
P60d820d5,김창식,金昶植,,,no_member_with_name,
P61110fca,김도연,金道然,1952-03-14,,distinct_namesake,
P61738003,김용현,金龍顯,1959-06-25,,distinct_namesake,
P6298fbad,문태준,文太俊,1928-01-14,7KC1599Z,hanja,"7,8,9,10"
P62be2a32,신상우,辛相佑,1937-05-20,5637263F,hanja,"8,9,10,11,13,14,15"
P62f7b2b3,송정숙,宋貞淑,1936,,no_member_with_name,
P631794e3,정종환,鄭鍾煥,1948-07-30,,no_member_with_name,
P63236ca0,김진표,金振杓,1947-05-04,Q9H5708M,hanja,"17,18,19,20,21"
P640d482b,유시민,柳時敏,1959-07-28,XFH9918T,birth,"16,17"
P64412a72,추병직,秋秉直,1949-02-27,,no_member_with_name,
P64cebdee,송자,宋梓,1936-12-02,,no_member_with_name,
P653e1397,김영훈,金榮訓,1968-01-05,,no_member_with_name,
P65948d1c,박태준,朴泰俊,1927-09-29,J4X86065,hanja,"11,13,14,15"
P6597678a,공로명,孔魯明,1932-02-25,,no_member_with_name,
P65d899c3,김호진,金浩鎭,1939,,no_member_with_name,
P66bbfffa,권오규,權五奎,1952-06-27,,no_member_with_name,
P676717b7,이봉서,李鳳瑞,1936-02-24,,no_member_with_name,
P676d8d0b,최광수,崔侊洙,1935-02-24,,no_member_with_name,
P67aa9f54,이근식,李根植,1946-02-10,KXZ3061M,birth,17
P67c9b603,조승환,趙承煥,1966-02-17,ME83002L,hanja,22
P67e9c0ab,유영환,柳英煥,1957-02-12,,no_member_with_name,
P68615fb2,김영춘,金榮春,1962-02-05,TWL5801D,hanja,"16,17,20"
P6893b828,이연숙,李嬿淑,1935-12-11,S8266690,birth,16
P68cb560d,최병렬,崔秉烈,1938-09-16,34C34428,hanja,"12,14,15,16"
P68e0e6c0,조영길,曺永吉,1940-05-09,,no_member_with_name,
P69a5fab5,정해창,丁海昌,,,no_member_with_name,
P69c1826e,최영철,崔永喆,1935-12-19,D4U4031E,hanja,"9,10,11,12"
P6a1fa761,원세훈,元世勳,1951-01-31,,distinct_namesake,
P6a2a4777,윤근환,尹勤煥,1929,,no_member_with_name,
P6a36654e,김황식,金滉植,1948-08-09,,distinct_namesake,
P6a443e27,임혜숙,林惠淑,1963,,no_member_with_name,
P6a803c22,최종찬,崔鍾璨,1950-03-15,,no_member_with_name,
P6a9ea312,원민경,元玟京,1971-08-23,,no_member_with_name,
P6ae6f274,류길재,柳吉在,1959-01-15,,no_member_with_name,
P6b171f48,추경석,秋敬錫,1935-02-14,,no_member_with_name,
P6b1cc16d,김영정,金榮禎,1929-10-05,1RV39474,hanja,12
P6bc4a9d8,정병국,鄭柄國,1958-02-10,P303213F,hanja,"16,17,18,19,20"
P6bd179a2,김정길,金正吉,1937,,distinct_namesake,
P6bd91c59,이병태,李炳台,1937-02-01,,no_member_with_name,
P6c2dd789,안우만,安又萬,,,no_member_with_name,
P6c954bff,이해찬,李海瓚,1952-07-10,9ZP9014Q,birth,"13,14,15,16,17,19,20"
P6cc15d25,강호인,姜鎬人,1957-12-03,,no_member_with_name,
P6d6c900e,송언종,宋彥鍾,1937-04-05,,no_member_with_name,
P6da147cb,이춘구,李春九,1934-11-18,EEC7465H,birth,"11,12,13,14"
P6e06352d,한완상,韓完相,1936,,no_member_with_name,
P6e4fae34,이태복,李泰馥,1950,,no_member_with_name,
P6eb0a064,나웅배,羅雄培,1934-07-24,6545933G,birth,"11,12,13,14"
P6ef9c0f6,김기재,金杞載,1946-09-06,E0N47877,hanja,"15,16"
P7006399f,남궁진,南宮鎭,1942-08-11,VZ17900R,hanja,"14,15"
P706055e7,장태평,張太平,1949-03-03,,no_member_with_name,
P706ba9f8,최상엽,崔相曄,,,no_member_with_name,
P7110f8bc,안규백,安圭伯,1961-04-29,TST4507I,hanja,"18,19,20,21,22"
P71c719e9,박보균,朴普均,1954-01-24,,no_member_with_name,
P7200f769,장하진,張夏眞,1951-12-20,,no_member_with_name,
P7222b0be,홍석우,洪錫禹,1953-06-17,,no_member_with_name,
P7266cac7,이해원,李海元,1930-09-14,Z9046403,birth,"8,9,10,11"
P73861b6b,손학규,孫鶴圭,1947,FND7010Q,hanja,"14,15,16,18"
P74226f5c,이연택,李衍澤,1936-09-25,,no_member_with_name,
P746faf46,이인제,李仁濟,1948-12-11,HJI9845B,birth,"13,14,16,17,18,19"
P748f406e,정운찬,鄭雲燦,,,no_member_with_name,
P74d5f0a9,이기준,李基俊,1938-07-28,,no_member_with_name,
P7610b5ad,안광구,安光叴,,,no_member_with_name,
P762c28d6,유명환,柳明桓,1946-04-08,,no_member_with_name,
P76723bd1,조현,趙顯,1957-11-30,,no_member_with_name,
P76b2e45e,현오석,玄旿錫,1950-05-05,,no_member_with_name,
P76ddc878,정성진,鄭城鎭,1940-07-04,,no_member_with_name,
P77a00e7b,이희범,李熙範,1949-03-23,,no_member_with_name,
P78ed131a,황산성,黃山城,1944-11-13,JGI42765,hanja,11
P79043110,맹형규,孟亨奎,1946-08-09,5PS66776,hanja,"15,16,17,17"
P79361df6,조상호,曺相鎬,1926-11-29,I1T5474D,hanja,10
P79eb2aed,주양자,朱良子,1931,RF233621,birth,"14,15"
P7ac92683,강도형,康徒衡,1970-09-30,,no_member_with_name,
P7b127782,박민식,朴敏植,1965-11-20,P318485D,hanja,"18,19"
P7b6ea91d,정현백,鄭鉉栢,1953-04-09,,no_member_with_name,
P7b6ff996,송태호,宋泰鎬,,,no_member_with_name,
P7b7119c8,김영환,金榮煥,1955-05-27,1C04271Z,hanja,"15,16,18,19"
P7c1e3cbc,송정호,宋正鎬,1942-07-16,,no_member_with_name,
P7c94cbb8,이영덕,李榮德,1926-03-06,,no_member_with_name,
P7cb01d66,이상훈,李相薰,1933-06-26,,no_member_with_name,
P7d18f4e4,홍재형,洪在馨,1938-03-27,YKA9050K,hanja,"16,17,18"
P7e4a9638,김영수,金榮秀,1942-05-10,7XO6069V,hanja,14
P7f1ee36e,이준식,李俊植,1952-09-11,,no_member_with_name,
P7f916eb1,임동원,林東源,,,no_member_with_name,
P7fac5304,이개호,李介昊,1959-06-23,I7R13867,birth,"19,20,21,22"
P80035a57,정원식,鄭元植,1928-08-05,,no_member_with_name,
P80177d1d,권영세,權寧世,1959-02-24,LG63087O,birth,"16,17,18,21,22"
P804c2842,박상천,朴相千,1938-10-31,MHE1145A,hanja,"13,14,15,16,18"
P8151a71c,이회창,李會昌,1935-06-02,0P85685J,birth,"15,15,16,18"
P8290e666,반기문,潘基文,1944-06-13,,no_member_with_name,
P829cb636,이종구,李鍾九,1935-11-21,,distinct_namesake,
P83fc03f1,허문도,許文道,1940-02-26,,no_member_with_name,
P847d76fd,김장숙,金長淑,1934-03-25,JP019849,hanja,"12,13"
P8512d52c,정호용,鄭鎬溶,1932-09-10,UOQ61895,hanja,"13,14"
P852273fb,차규헌,車圭憲,1929-02-01,,no_member_with_name,
P85a580b2,홍용표,洪容杓,1964-04-15,,no_member_with_name,
P85c1378a,노건일,盧健一,1940-10-12,,no_member_with_name,
P85d5fcc9,정운천,鄭雲天,1954-04-10,NZF1659U,hanja,"20,21"
P85f1fb47,이명현,李明賢,1942,,no_member_with_name,
P861b1346,오인환,吳隣煥,,,no_member_with_name,
P865f64bd,전재희,全在姬,1949-09-06,0WH9705X,hanja,"16,16,17,18"
P8746899f,송영무,宋永武,1949-02-24,,no_member_with_name,
P874b206d,천용택,千容宅,1937-08-28,O8Z3184P,birth,"15,16"
P87b51d5f,정해주,鄭海洀,,,no_member_with_name,
P88cd157f,전재수,田載秀,1971-04-20,9YO73104,hanja,"20,21,22"
P8905a651,배순훈,裵洵勳,1943-04-30,,no_member_with_name,
P8914163d,백희영,白喜英,1950,,no_member_with_name,
P892237a1,한갑수,韓甲洙,1934-06-27,3871875S,hanja,10
P89c676a6,이웅희,李雄熙,1931-01-26,19211414,birth,"13,14,15"
P8a0efa29,조경규,曺京圭,1959,,distinct_namesake,
P8a6ba4df,최경원,崔慶元,1946,,no_member_with_name,
P8a79d410,이헌기,李憲琦,1938-08-10,9OF8639S,birth,11
P8a91b921,이상배,李相培,1939-10-10,AV73550N,birth,"15,16,17"
P8b6160db,황인성,黃寅性,1926-01-09,BEP5053G,hanja,"11,12,14"
P8c4724ef,허성관,許成寬,1947-11-12,,no_member_with_name,
P8c5fba58,김현숙,金賢淑,1966-05-10,LGG10412,hanja,19
P8c6369f9,조명래,趙明來,1955-03-22,,no_member_with_name,
P8cecd764,권덕철,權德喆,1961-03-22,,no_member_with_name,
P8d3cc7e5,안응모,安應模,1930-12-24,,no_member_with_name,
P8da5ba37,이창양,李昌洋,1962-09-20,,no_member_with_name,
P8de55db3,한화진,韓和眞,1959-12-23,,no_member_with_name,
P8dea76f9,박지원,朴智元,1942-06-05,8BF5855P,hanja,"14,18,19,20,22"
P8e36fd65,김용래,金庸來,1934-03-15,,no_member_with_name,
P8e441689,주형환,周亨煥,1961-03-08,,no_member_with_name,
P8e971d90,권이혁,權彛赫,1923,,no_member_with_name,
P8f13b409,이어령,李御寧,1933-12-29,,no_member_with_name,
P8fc20148,유용태,劉容泰,1938-07-02,6WR1491M,birth,"15,16"
P907afc91,노준형,盧俊亨,1954-03-12,,no_member_with_name,
P90d51165,김영록,金瑛錄,1955-02-17,5JA4781U,hanja,"18,19"
P91877f85,김덕중,金德中,1934,,no_member_with_name,
P91d5ef63,이정우,李正雨,,,distinct_namesake,
P92e72523,이규용,李圭用,1955-12-23,,no_member_with_name,
P93dd4c2f,박양우,朴良雨,1958-11-20,,no_member_with_name,
P945870d9,김창근,金昌槿,1930-10-22,VX862398,hanja,"6,7,8,10"
P9474e11b,정시채,丁時采,1936-04-05,NSW3570Z,hanja,"11,12,14"
P94b03c55,백광현,白光鉉,1932-12-24,,no_member_with_name,
P94e05009,김두희,金斗喜,,,no_member_with_name,
P951f854f,김모임,金慕妊,1935-05-23,2VI6099M,hanja,11
P957a84a3,윤병세,尹炳世,1953-08-03,,no_member_with_name,
P97830117,안동수,安東洙,1941-03-03,,no_member_with_name,
P98048c13,서영택,徐榮澤,1939-04-23,,no_member_with_name,
P98b9dd41,도종환,都鍾煥,1955-09-27,J2O8643H,hanja,"19,20,21"
P9992feb3,이우재,李祐在,1934-05-05,KJX66307,birth,11
P9a1dcbbe,김화중,金花中,1945-01-03,5ZO7509R,hanja,16
P9a3b8688,이만의,李萬儀,1946-06-15,,no_member_with_name,
P9a9c7eca,문성혁,文成赫,1958-08-15,,no_member_with_name,
P9aaac9b8,허상만,許祥萬,1943-10-12,,no_member_with_name,
P9b5fb760,박정수,朴定洙,1932-02-09,LQW1875Y,hanja,"10,11,13,14,15"
P9bf7aa3a,박필수,朴弼秀,,,no_member_with_name,
P9c7b5359,강봉균,康奉均,1943-08-13,7PU7009N,hanja,"16,17,18"
P9ca0d00e,정상천,鄭相千,1931-08-25,WI12765F,hanja,"14,15"
P9ca63ea8,이경식,李經植,1933-06-28,,no_member_with_name,
P9cc89213,안병만,安秉萬,1941-02-08,,no_member_with_name,
P9dd915ab,박희태,朴熺太,1938-08-09,FSN5613H,hanja,"13,14,15,16,17,18"
P9e85b7cf,허재영,許在榮,1934-09-29,,no_member_with_name,
P9ed3ed24,오거돈,吳巨敦,1948-10-28,,no_member_with_name,
P9f28fe45,최선정,崔善政,1944-08-13,,no_member_with_name,
P9fc09adf,김종필,金鍾泌,1926-01-07,PAR7137B,hanja,"6,7,8,9,10,13,14,15,16"
P9fce79bd,구윤철,具潤哲,1965-06-01,,no_member_with_name,
P9ff9b196,이낙연,李洛淵,1952-12-20,0767470D,birth,"16,17,18,19,21"
P9ffab336,강신철,姜信哲,1968-05-04,,no_member_with_name,
Pa00908b5,김영주,金榮珠,1955-07-27,0W194007,hanja,"17,19,20,21"
Pa05511ce,이양호,李養鎬,1937-06-16,,distinct_namesake,
Pa067e08e,조정제,趙正濟,1936-02-28,LUY8865S,hanja,11
Pa0825ae2,김중위,金重緯,1939-10-28,B3A7296S,hanja,"12,13,14,15"
Pa0904d8f,최호중,崔浩中,1930-09-22,,no_member_with_name,
Pa0aadc78,박영식,朴煐植,1934-01-26,,no_member_with_name,
Pa1099be5,김덕,金悳,1935-05-25,WJ85609S,hanja,15
Pa13cdd11,안병영,安秉永,1941-09-07,,no_member_with_name,
Pa2412c6c,이영희,李永熙,1943-07-19,,distinct_namesake,
Pa27d3515,김주호,金周浩,1933-01-09,,distinct_namesake,
Pa31f65d8,이성호,李聖浩,1938,TNK9949W,birth,"12,13,14,15"
Pa3c15dfd,한정애,韓貞愛,1965,XPP2564T,hanja,"19,20,21,22"
Pa400bc6b,류우익,柳佑益,1950-01-06,,no_member_with_name,
Pa428bf8e,주호영,朱豪英,1960-12-10,8SV6917G,hanja,"17,18,19,20,21,22"
Pa53a079e,임창열,林昌烈,1944-05-27,,no_member_with_name,
Pa600a50c,김문수,金文洙,1951-08-27,RVR78866,hanja,"15,16,17"
Pa62100bc,한명숙,韓明淑,1944-03-24,PYP5878A,hanja,"16,17,19"
Pa7c7d13d,변창흠,卞彰欽,1964-08-14,,no_member_with_name,
Pa7d4c5c0,박능후,朴凌厚,1956-06-24,,no_member_with_name,
Pa8730b2b,변도윤,邊道潤,1947,,no_member_with_name,
Pa8a6141d,조윤선,趙允旋,1966-07-22,D8O8176K,hanja,18
Pa9511bba,강보성,姜普性,1930-11-05,XF75222M,hanja,"11,13"
Pa994abda,이상수,李相洙,1946-12-10,5W34729L,birth,"13,15,16"
Paa8c3574,김동신,金東信,1941-07-14,,no_member_with_name,
Paaf6295a,권오을,權五乙,1957-03-17,3OA12807,hanja,"15,16,17"
Pac5ee47c,최광,崔洸,1947-09-01,,no_member_with_name,
Paccf05fd,이주영,李柱榮,1951-09-30,8IN46764,birth,"16,17,18,19,20"
Pada99368,신국환,辛國煥,1939-09-02,52Z10964,hanja,17
Paeb69917,경상현,景商鉉,1937,,no_member_with_name,
Paf2c5a6a,신낙균,申樂均,1941-02-01,21U3017N,birth,"15,18"
Pb0a2cb14,김정렬,金貞烈,1917-09-29,,no_member_with_name,
Pb0e0066e,권기홍,權奇洪,1949,,no_member_with_name,
Pb0eb1713,권영해,權寧海,1937-09-09,,no_member_with_name,
Pb17aab3b,이승윤,李承潤,1931-11-07,Y0G24569,birth,"9,10,13,14"
Pb2e06c6e,강운태,姜雲太,1948-11-15,9YV1627V,hanja,"16,18"
Pb32a3cac,이범준,李範俊,1928-05-30,BGO59248,birth,"11,12"
Pb41ad001,김철수,金喆壽,,,distinct_namesake,
Pb4213058,강현욱,姜賢旭,1938-03-27,R328185H,hanja,"15,16"
Pb457b667,이상주,李相周,1937-08-19,,no_member_with_name,
Pb4b6c11d,김윤환,金潤煥,1932-06-07,PMN7940F,hanja,"10,11,13,14,15"
Pb5efdca2,김대환,金大煥,1949-10-19,,no_member_with_name,
Pb6249dc3,조완규,趙完圭,1928-02-11,,no_member_with_name,
Pb67d38e0,김태영,金泰榮,1949-01-13,,no_member_with_name,
Pb760225e,윤동윤,尹東潤,1938-06-18,,no_member_with_name,
Pb7c145aa,정은경,鄭銀敬,1965-05-19,,no_member_with_name,
Pb86a22b8,최중경,崔重卿,1956-09-30,,no_member_with_name,
Pb8e3da39,송미령,宋美玲,1967-06-09,,no_member_with_name,
Pb8ee183c,진수희,陳壽姬,1955-11-12,PPY48864,hanja,"17,18"
Pb92db7f9,허신행,許信行,1942-09-13,,no_member_with_name,
Pb94098cd,김윤기,金允起,1942,,no_member_with_name,
Pb95b7452,이관,李寬,,,no_member_with_name,
Pb98d2db9,서석재,徐錫宰,1935-02-15,L8S7182S,hanja,"11,12,13,14,15"
Pb9d9a133,윤상직,尹相直,1956-05-25,LDY9563L,hanja,20
Pbc703dbd,성윤모,成允模,1963-06-27,,no_member_with_name,
Pbf9ac054,오자복,吳滋福,1930-06-16,,no_member_with_name,
Pc010ca88,윤여준,尹汝儁,1939-10-17,YDT17694,hanja,16
Pc03388c8,김우식,金雨植,1940-01-26,,distinct_namesake,
Pc1687285,김윤덕,金胤德,,L0D6699O,hanja_only_no_roster_birth,"8,9,10"
Pc17a2c9c,김성환,金星煥,1965-10-15,XSP20229,hanja,"20,21,22"
Pc1e9412e,이계순,李季順,1927-03-03,,no_member_with_name,
Pc2608755,이상옥,李相玉,,,distinct_namesake,
Pc2ee3a43,윤진식,尹鎭植,1946-03-04,S7E4736F,hanja,"18,19"
Pc3c0bd89,유영민,兪英民,1951-08-27,,no_member_with_name,
Pc42bc53e,이창동,李滄東,1954-04-01,,no_member_with_name,
Pc550ca21,진념,陳稔,1940-12-02,,no_member_with_name,
Pc5afbb97,김두관,金斗官,1959-04-10,CI15627C,hanja,"20,21"
Pc69b857d,이종호,李宗昊,1966-04-12,,no_member_with_name,
Pc6f4eb13,윤영관,尹永寬,1951-01-12,,no_member_with_name,
Pc7455876,이준,李俊,1940-06-30,,no_member_with_name,
Pc75400ee,정근모,鄭根謨,1939-12-30,,no_member_with_name,
Pc75cc07f,박봉흠,朴奉欽,1948-10-11,,no_member_with_name,
Pc8151046,고병우,高炳佑,1933-11-02,,no_member_with_name,
Pca589dac,이재갑,李載甲,1958-03-27,,no_member_with_name,
Pca9d24de,이소영,李素永,1985-02-10,WTR5885Y,birth,"21,22"
Pcb94a97a,전윤철,田允喆,1939-06-15,,no_member_with_name,
Pcba1c942,김종민,金鍾民,1949-02-15,,distinct_namesake,
Pcbe2dde2,김병준,金秉準,1954-03-26,,no_member_with_name,
Pcbe555d5,김정수,金正秀,1937,A1819526,hanja,"11,12,13,14,15"
Pccb491bc,이민섭,李敏燮,1939-02-28,2CS7325Y,birth,"11,12,13,14"
Pcd36d35d,김용진,金容鎭,,,override,
Pcd53f400,조국,曺國,1965-04-06,T3E4932G,hanja,22
Pcd8477b9,최광식,崔光植,1953-05-05,,no_member_with_name,
Pcddc0c6a,박양실,朴孃實,1935,,no_member_with_name,
Pcdf89e1b,오영교,吳盈敎,1948-02-13,,no_member_with_name,
Pce032795,현인택,玄仁澤,1954-09-27,,no_member_with_name,
Pce9f8e33,변재진,卞在進,1953-08-17,,no_member_with_name,
Pd0084c55,김영호,金泳鎬,1940,,distinct_namesake,
Pd023d2da,조경희,趙敬姬,1918-04-06,,no_member_with_name,
Pd03d3efb,이용섭,李庸燮,1951-08-11,DN76694L,birth,"18,19"
Pd10db61c,정재석,丁渽錫,1930-05-05,,no_member_with_name,
Pd1199c19,손숙,孫淑,1944-05-13,,no_member_with_name,
Pd1408d1a,권칠승,權七勝,1965-11-18,C7E79345,hanja,"20,21,22"
Pd1916a2a,김명곤,金明坤,1952-12-03,,no_member_with_name,
Pd1a5ab4d,정홍원,鄭烘原,1944-10-09,,no_member_with_name,
Pd1c8c229,고흥길,高興吉,1944-08-13,JGX8852O,hanja,"16,17,18"
Pd1cb188a,문형표,文亨杓,1956-10-11,,no_member_with_name,
Pd259ef65,홍종학,洪鍾學,1959-05-12,BEF9073K,hanja,19
Pd26dc14a,이해구,李海龜,1937-09-10,WMD2190C,birth,"13,14,15,16"
Pd29e797a,박재완,朴宰完,1955-01-24,JPE16970,hanja,17
Pd3a8e231,박태영,朴泰榮,1941-12-04,WSO9079L,hanja,14
Pd3c61ee0,장상,張裳,1939-10-03,,no_member_with_name,
Pd4461df4,심우영,沈宇永,1940-12-07,,no_member_with_name,
Pd49acf01,이상희,李相熙,1932-01-08,,distinct_namesake,
Pd56705e4,김집,金潗,1926-12-15,1Q092210,hanja,"11,12"
Pd5938d15,정동채,鄭東采,1950-07-03,VTN3694W,hanja,"15,16,17"
Pd603e479,최낙정,崔洛正,1953-07-10,,no_member_with_name,
Pd630a674,김영구,金榮龜,1940-01-12,FSJ32138,hanja,"11,12,13,14,15,16"
Pd65a48ce,김선길,金善吉,1934-01-08,UCN4172E,hanja,15
Pd6bae474,최기영,崔起榮,1955-08-30,,no_member_with_name,
Pd71ca636,이진설,李鎭卨,1939-03-25,,no_member_with_name,
Pd73f2b4e,권재진,權在珍,1953-07-27,,no_member_with_name,
Pd7ab5dd9,한승수,韓昇洙,1936-12-28,AML4805R,hanja,"13,15,16"
Pd7dd303b,허남훈,許南薰,1937-01-27,UX77102W,hanja,15
Pd8abd2c8,이수정,李秀正,,,no_member_with_name,
Pd8b1479c,김한규,金漢圭,1940-12-01,KBJ1842L,hanja,"13,14"
Pd909f7a5,이수성,李壽成,1939,,no_member_with_name,
Pd955c2c9,김동태,金東泰,,,no_member_with_name,
Pd990ff06,이영,李永,1969-06-06,1X376850,birth,21
Pd9b55d41,추경호,秋慶鎬,1960-07-29,G152611B,hanja,"20,21,22"
Pda27d5d1,강경식,姜慶植,1936-05-10,85U15859,hanja,"12,14,15"
Pda5cb7bb,서정화,徐廷和,1933-03-04,MLN4587W,hanja,"12,13,14,15,16"
Pda93ec63,김동진,金東鎭,1938-10-10,,no_member_with_name,
Pdb534587,문승욱,文勝煜,1965-12-24,,no_member_with_name,
Pdb751ebe,윤광웅,尹光雄,1942-10-13,,no_member_with_name,
Pdc5c7ec5,김은경,金恩京,1956-06-09,,no_member_with_name,
Pdcce2a01,이석채,李錫采,1945,,no_member_with_name,
Pdd19c1bc,조해녕,曺海寧,1943-11-04,,no_member_with_name,
Pdde14100,유기준,兪奇濬,1959-08-10,CAL85655,hanja,"17,18,19,20"
Pde9e5a98,권오기,權五琦,1932-12-10,,no_member_with_name,
Pdf874702,김성환,金星煥,1953-04-13,,distinct_namesake,
Pe02b7c9c,이건춘,李建春,1943,,no_member_with_name,
Pe08c60a8,정황근,鄭煌根,1960-01-20,,no_member_with_name,
Pe0cf3157,조태열,趙兌烈,1955-11-10,,no_member_with_name,
Pe0e00ec9,박성재,朴性載,,,no_member_with_name,
Pe0ef9fff,홍순영,洪淳瑛,1937-01-30,,distinct_namesake,
Pe132400f,주돈식,朱燉植,1937-07-08,,no_member_with_name,
Pe154689f,이기권,李基權,1957-09-21,,no_member_with_name,
Pe15dc8b7,김덕룡,金德龍,1941-04-06,WFJ6020P,hanja,"13,14,15,16,17"
Pe1e64720,윤진숙,尹珍淑,1955-05-27,,no_member_with_name,
Pe3052984,김관진,金寬鎭,1949-10-18,,no_member_with_name,
Pe3127d87,이인영,李仁榮,1964-06-28,3ZR4438W,birth,"17,19,20,21,22"
Pe32653c3,이주호,李周浩,1961-02-17,NEF96536,birth,17
Pe35b1b8d,김동연,金東兗,1957-01-28,,no_member_with_name,
Pe36a125a,김완섭,金琓燮,1968-04-19,,no_member_with_name,
Pe38fe890,박홍수,朴弘綏,1955-04-18,5JX61739,birth,17
Pe4967be1,안필준,安弼濬,1932-05-05,,no_member_with_name,
Pe4aa7105,박호군,朴虎君,1947-12-01,,no_member_with_name,
Pe5cd9cac,정우택,鄭宇澤,1953-02-18,VHK3402G,hanja,"15,16,19,20,21"
Pe5db2d8c,정세균,丁世均,1950,DCN7433W,hanja,"15,16,17,18,19,20"
Pe5f30ffd,이정빈,李廷彬,1937-12-16,,distinct_namesake,
Pe6541f57,김정길,金正吉,1945-05-28,HFO6788P,hanja,"12,13"
Pe6c4bc68,유정복,劉正福,1957-06-16,63J3777V,birth,"17,18,19"
Pe714f61f,박진,朴振,1956-09-16,QKO6165V,hanja,"16,17,18,21"
Pe71a1b44,이상연,李相淵,,,no_member_with_name,
Pe7a271f8,진대제,陳大濟,1952-01-20,,no_member_with_name,
Pe87c3e3c,김진현,金鎭炫,,,no_member_with_name,
Pe8826eb4,황영하,黃榮夏,1939-08-15,,no_member_with_name,
Pe96f3f6c,노무현,盧武鉉,1946-09-01,,distinct_namesake,
Pe98ca4e5,강경화,康京和,1955-04-07,,no_member_with_name,
Pe9a181dd,심상명,沈相明,1942-02-10,,no_member_with_name,
Pe9c2a4d0,김갑현,金甲現,,,no_member_with_name,
Pea627421,권영각,權寧珏,,,no_member_with_name,
Peac6806d,진영,陳永,1950-10-23,IDV9108J,hanja,"17,18,19,20"
Peb2d1154,이동호,李同浩,1937-06-09,,no_member_with_name,
Pebba9445,최교진,崔敎振,1953-11-24,,no_member_with_name,
Pec1a8cc0,이문석,李文錫,,,no_member_with_name,
Pec525413,조규홍,曺圭鴻,1967-02-19,,no_member_with_name,
Pec804e0e,김동영,金東英,1936-12-23,AMY93771,hanja,"9,10,12,13"
Ped069995,서남수,徐南洙,1952-03-22,,no_member_with_name,
Pee65e3f1,방문규,方文圭,1962-02-26,,no_member_with_name,
Pef3de702,서욱,徐旭,1963-05-12,,no_member_with_name,
Pefb4c3ce,이상희,李相喜,1945-08-12,,distinct_namesake,
Pefb966f4,이윤호,李允鎬,1948-01-18,,no_member_with_name,
Pefef768a,김승규,金昇圭,1944-07-20,,no_member_with_name,
Pf0cb3e23,유영숙,劉榮淑,1955-05-29,,no_member_with_name,
Pf12bdf25,박윤흔,朴鈗炘,,,no_member_with_name,
Pf12fc0f5,이재창,李在昌,1936-10-25,QFQ8496R,birth,"15,16,17"
Pf135b108,안병엽,安炳燁,1945-02-17,MWY71007,hanja,17
Pf194d258,서청원,徐淸源,1943-04-03,4Y54669I,hanja,"11,13,14,15,16,18,19,20"
Pf1a95dde,김종구,金鍾求,,,no_member_with_name,
Pf1aee439,김영호,金暎浩,1959-08-01,,distinct_namesake,
Pf223ba93,오영주,吳姈姝,1964-03-27,,no_member_with_name,
Pf3370437,최상목,崔相穆,1963-06-07,,no_member_with_name,
Pf4191278,김정관,金正官,1968-10-27,,no_member_with_name,
Pf6017412,유인촌,柳仁村,1951-03-20,,no_member_with_name,
Pf613aa52,윤증현,尹增鉉,1946-09-19,,no_member_with_name,
Pf67a6f1d,정의용,鄭義溶,1946-04-14,DTO5670Y,hanja,17
Pf6c0290d,장영철,張永喆,1936-10-28,UWX81091,hanja,"13,14,15"
Pf7203fbf,이달곤,李達坤,1953-09-11,QUM8288K,birth,"18,21"
Pf89d5801,김종인,金鍾仁,1940-07-11,E5N8503B,hanja,"11,12,14,17,20"
Pf9129b01,김경한,金慶漢,1944-02-05,,no_member_with_name,
Pf9642325,김상곤,金相坤,1949-12-05,,no_member_with_name,
Pf9ab38c5,최창락,崔昌洛,1931-09-02,,no_member_with_name,
Pf9b6af97,이효계,李孝桂,1935-09-01,,no_member_with_name,
Pf9f757bf,최재욱,崔在旭,1940-10-01,95S94954,hanja,"13,14"
Pfaa57b46,김용채,金鎔采,1932-10-05,HT966869,hanja,"7,9,12,13,14"
Pfac757df,안경덕,安庚德,1963,,no_member_with_name,
Pfaeef75b,최세창,崔世昌,1934-04-17,,no_member_with_name,
Pfb6dea5a,김숙희,金淑喜,1937,,no_member_with_name,
Pfcc1acb3,권영자,權英子,1937-03-03,VZY4811C,hanja,15
Pfe437f92,최형우,崔炯佑,1935-10-15,XAB5157V,hanja,"8,9,10,13,14,15"
Pff45ff7a,윤덕홍,尹德弘,1947-04-19,,no_member_with_name,
Pff73fd73,박긍식,朴肯植,,,no_member_with_name,
Pff7814e2,박철언,朴哲彦,1942-08-05,DQE3331P,hanja,"13,14,15"
