person_id,name,name_hanja_roster,variant_string,variant_type,evidence,lineage,valid_from,valid_to,meeting_ids,n_turns,first_date,last_date,spell_id
Pc550ca21,진념,陳稔,진임,typo,"One syllable misread (임 for 념). The chair calls the 기획예산처장관 to greet the committee and the turn answers '기획예산처장관입니다'. The xml version of the same meetings labels the speaker 企劃豫算處長官 陳稔 in 166 v10 turns from 2000-06-23 to 2000-07-24. Turns read in v9 meeting 28447 (국회운영위원회 2000-06-23) orders 193-213, and the xml record of the same sitting (v10 xml conf 23791), which labels the 3 turns 企劃豫算處長官 陳 稔. Roster holder of 기획예산처 on 2000-06-23..2000-06-23 is Pc550ca21 진념 陳稔 (기획예산처장관 1999-05-24..2000-08-07, spells.csv Pc550ca21-budget-1). No NA member named 진임 in terms 15-22 (na_members_15_22.csv). Label counts in the cited meetings are xml conf 23791 ('企劃豫算處長官 陳 稔' 3), and v9 meeting 28447 ('기획예산처장관 진임' 3). Scope. The variant is valid only for turns whose position resolves to lineage budget with a speech date in 1999-05-24..2000-08-07 (spell Pc550ca21-budget-1 of Pc550ca21 in build/out/spells.csv sha256 c4a6bef303e97528). Do not apply it to the bare string elsewhere.",budget,1999-05-24,2000-08-07,,3,2000-06-23,2000-06-23,Pc550ca21-budget-1
Pada99368,신국환,辛國煥,申國煥,hanja_variant,"Surname glyph 申 for 辛, same reading 신국환. The turn answers 宋永吉 위원, who addressed the 산자부장관. The office label reads 産業資源部長官 辛國煥 in 1,735 v10 xml turns (2000-10-19 to 2003-02-20) and 申國煥 once. Turns read in v10 xml conf 23915 turns 865-871 (2000-12-09). Roster holder of 산업자원부 on 2000-12-09..2000-12-09 is Pada99368 신국환 辛國煥 (산업자원부장관 2000-08-07..2001-03-26, spells.csv Pada99368-industry-1). No NA member named 申國煥 in terms 15-22 (na_members_15_22.csv). Label counts in the cited meetings are xml conf 23915 ('産業資源部長官 辛國煥' 45, '産業資源部長官 申國煥' 1). Scope. The variant is valid only for turns whose position resolves to lineage industry with a speech date in 2000-08-07..2001-03-26 (spell Pada99368-industry-1 of Pada99368 in build/out/spells.csv sha256 c4a6bef303e97528). Do not apply it to the bare string elsewhere.",industry,2000-08-07,2001-03-26,23915,1,2000-12-09,2000-12-09,Pada99368-industry-1
P1bf66a12,유삼남,柳三男,柳三南,hanja_variant,"NFKC form of 柳三南 (compatibility ideographs replaced). Last glyph 南 for 男, same reading 유삼남. In the same exchange the minister is labelled 海洋水産部長官 柳三男 (turns 19, 21, 39) and 柳三南 (turns 41, 43). The kr-hearings string also uses the compatibility ideograph U+F9C9 for 柳. Turns read in v10 xml conf 25818 turns 18-43 (2001-12-12 예산결산소위). Roster holder of 해양수산부 on 2001-12-12..2001-12-12 is P1bf66a12 유삼남 柳三男 (해양수산부장관 2001-09-07..2002-07-11, spells.csv P1bf66a12-oceans-1). No NA member named 柳三南 in terms 15-22 (na_members_15_22.csv). Label counts in the cited meetings are xml conf 25818 ('海洋水産部長官 柳三男' 18, '海洋水産部長官 柳三南' 5). Scope. The variant is valid only for turns whose position resolves to lineage oceans with a speech date in 2001-09-07..2002-07-11 (spell P1bf66a12-oceans-1 of P1bf66a12 in build/out/spells.csv sha256 c4a6bef303e97528). Do not apply it to the bare string elsewhere.",oceans,2001-09-07,2002-07-11,,0,,,P1bf66a12-oceans-1
P1bf66a12,유삼남,柳三男,柳三南,hanja_variant,"Last glyph 南 for 男, same reading 유삼남. In the same exchange the minister is labelled 海洋水産部長官 柳三男 (turns 19, 21, 39) and 柳三南 (turns 41, 43). The kr-hearings string also uses the compatibility ideograph U+F9C9 for 柳. Turns read in v10 xml conf 25818 turns 18-43 (2001-12-12 예산결산소위). Roster holder of 해양수산부 on 2001-12-12..2001-12-12 is P1bf66a12 유삼남 柳三男 (해양수산부장관 2001-09-07..2002-07-11, spells.csv P1bf66a12-oceans-1). No NA member named 柳三南 in terms 15-22 (na_members_15_22.csv). Label counts in the cited meetings are xml conf 25818 ('海洋水産部長官 柳三男' 18, '海洋水産部長官 柳三南' 5). Scope. The variant is valid only for turns whose position resolves to lineage oceans with a speech date in 2001-09-07..2002-07-11 (spell P1bf66a12-oceans-1 of P1bf66a12 in build/out/spells.csv sha256 c4a6bef303e97528). Do not apply it to the bare string elsewhere.",oceans,2001-09-07,2002-07-11,25818,5,2001-12-12,2001-12-12,P1bf66a12-oceans-1
P8fc20148,유용태,劉容泰,류용,typo,"Truncated name. 류용 is the first two syllables of 유용태 with the initial ㄹ reading of the surname 劉. The speaker opens with '노동부장관 의견을 개진토록 하겠습니다' and the chair answers '장관님, 삭감부분에 대해서는'. Turns read in v9 meeting 29410 (환경노동위원회 2001-11-09) orders 26-30, and the xml record of the same sitting (v10 xml conf 24741), which labels all 10 turns 勞動部長官劉容泰. Roster holder of 노동부 on 2001-11-09..2001-11-09 is P8fc20148 유용태 劉容泰 (노동부장관 2001-09-07..2002-01-29, spells.csv P8fc20148-labor-1). No NA member named 류용 in terms 15-22 (na_members_15_22.csv). Label counts in the cited meetings are xml conf 24741 ('勞動部長官劉容泰' 10), and v9 meeting 29410 ('노동부장관 류용' 10). Scope. The variant is valid only for turns whose position resolves to lineage labor with a speech date in 2001-09-07..2002-01-29 (spell P8fc20148-labor-1 of P8fc20148 in build/out/spells.csv sha256 c4a6bef303e97528). Do not apply it to the bare string elsewhere.",labor,2001-09-07,2002-01-29,,10,2001-11-09,2001-11-09,P8fc20148-labor-1
P02b909da,김성호,金成豪,李晟豪,typo,"NFKC form of 李晟豪 (compatibility ideographs replaced). Wrong surname and middle glyph (李晟豪 for 金成豪, both 성호). Turn 413 is labelled 保健福祉部長官 金成豪 and turn 415 李晟豪 in the same answer sequence to 尹汝雋 위원. No 李晟豪 sat in terms 15-22 (na_members_15_22.csv). The kr-hearings string uses the compatibility ideograph U+F9E1 for 李. Turns read in v10 xml conf 25529 turns 412-418 (2002-07-25). Roster holder of 보건복지부 on 2002-07-25..2002-07-25 is P02b909da 김성호 金成豪 (보건복지부장관 2002-07-11..2003-02-27, spells.csv P02b909da-health-1). No NA member named 李晟豪 in terms 15-22 (na_members_15_22.csv). Label counts in the cited meetings are xml conf 25529 ('保健福祉部長官 金成豪' 163, '保健福祉部長官 李晟豪' 1). Scope. The variant is valid only for turns whose position resolves to lineage health with a speech date in 2002-07-11..2003-02-27 (spell P02b909da-health-1 of P02b909da in build/out/spells.csv sha256 c4a6bef303e97528). Do not apply it to the bare string elsewhere.",health,2002-07-11,2003-02-27,,0,,,P02b909da-health-1
P02b909da,김성호,金成豪,이성호,typo,"Hangul label of the same turn as 李晟豪 (wrong surname for 김성호). Order 413 is labelled 보건복지부장관 김성호 and order 415 이성호. The only NA member named 이성호 (李聖浩) sat in term 15 (1996-2000), not in 2002. Turns read in v9 meeting 30264 (보건복지위원회 2002-07-25) orders 413-417. Roster holder of 보건복지부 on 2002-07-25..2002-07-25 is P02b909da 김성호 金成豪 (보건복지부장관 2002-07-11..2003-02-27, spells.csv P02b909da-health-1). Not an NA member on these dates. A member of that name sat only in term(s) 15. Label counts in the cited meetings are v9 meeting 30264 ('보건복지부장관 김성호' 163, '보건복지부장관 이성호' 1). Scope. The variant is valid only for turns whose position resolves to lineage health with a speech date in 2002-07-11..2003-02-27 (spell P02b909da-health-1 of P02b909da in build/out/spells.csv sha256 c4a6bef303e97528). Do not apply it to the bare string elsewhere. The same string names other people. minister_speech_observations.csv labels 이성호 as 국민안전처차관 in 8 observations (2014-11-25 to 2017-03-29) and as 안전행정부제2차관 in 2 observations (2014-10-07, 2014-10-27), and 이성호 李聖浩 sat in term 15 (na_members_15_22.csv).",health,2002-07-11,2003-02-27,,1,2002-07-25,2002-07-25,P02b909da-health-1
P02b909da,김성호,金成豪,李晟豪,typo,"Wrong surname and middle glyph (李晟豪 for 金成豪, both 성호). Turn 413 is labelled 保健福祉部長官 金成豪 and turn 415 李晟豪 in the same answer sequence to 尹汝雋 위원. No 李晟豪 sat in terms 15-22 (na_members_15_22.csv). The kr-hearings string uses the compatibility ideograph U+F9E1 for 李. Turns read in v10 xml conf 25529 turns 412-418 (2002-07-25). Roster holder of 보건복지부 on 2002-07-25..2002-07-25 is P02b909da 김성호 金成豪 (보건복지부장관 2002-07-11..2003-02-27, spells.csv P02b909da-health-1). No NA member named 李晟豪 in terms 15-22 (na_members_15_22.csv). Label counts in the cited meetings are xml conf 25529 ('保健福祉部長官 金成豪' 163, '保健福祉部長官 李晟豪' 1). Scope. The variant is valid only for turns whose position resolves to lineage health with a speech date in 2002-07-11..2003-02-27 (spell P02b909da-health-1 of P02b909da in build/out/spells.csv sha256 c4a6bef303e97528). Do not apply it to the bare string elsewhere.",health,2002-07-11,2003-02-27,25529,1,2002-07-25,2002-07-25,P02b909da-health-1
P480ea935,지은희,池銀嬉,池銀姬,hanja_variant,"Only the last glyph differs (姬 for 嬉), same reading 지은희. The Speaker introduces her as '지은희 여성부장관' and the turn labelled 女性部長官 池銀姬 answers '여성부장관 일을 맡게 된 지은희입니다'. The roster hanja 池銀嬉 follows the gazette. The roster notes that ko.wikipedia and 동아일보 2003-02-28 print 池銀姬, which is also the form in every v10 xml label for her. Turns read in v10 xml conf 26186 turns 39-40 (2003-03-28 본회의). Roster holder of 여성부 on 2003-03-28..2003-12-29 is P480ea935 지은희 池銀嬉 (여성부장관 2003-02-27..2005-01-05, spells.csv P480ea935-gender-1). No NA member named 池銀姬 in terms 15-22 (na_members_15_22.csv). Label counts in the cited meetings are xml conf 26186 ('女性部長官 池銀姬' 1). Scope. The variant is valid only for turns whose position resolves to lineage gender with a speech date in 2003-02-27..2005-01-05 (spell P480ea935-gender-1 of P480ea935 in build/out/spells.csv sha256 c4a6bef303e97528). Do not apply it to the bare string elsewhere.",gender,2003-02-27,2005-01-05,26186;26208;26227;26325;26522;26544;26646;26647;26730;26731;26733;26778;26802;26808;26812;26838;26896,737,2003-03-28,2003-12-29,P480ea935-gender-1
P6a803c22,최종찬,崔鍾璨,崔鍾燦,hanja_variant,"Last glyph 燦 for 璨, same reading 최종찬. The questioner turns to '건교부장관님' and the turn labelled 建設交通部長官 崔鍾燦 answers. The same office label reads 崔鍾璨 in 2,385 v10 xml turns from 2003-03-19 to 2003-12-17. Turns read in v10 xml conf 26385 turns 121-124 (2003-07-09). Roster holder of 건설교통부 on 2003-07-09..2003-10-21 is P6a803c22 최종찬 崔鍾璨 (건설교통부장관 2003-02-27..2003-12-29, spells.csv P6a803c22-land-1). No NA member named 崔鍾燦 in terms 15-22 (na_members_15_22.csv). Label counts in the cited meetings are xml conf 26385 ('建設交通部長官 崔鍾璨' 10, '建設交通部長官 崔鍾燦' 5), and xml conf 26621 ('建設交通部長官 崔鍾璨' 17, '建設交通部長官 崔鍾燦' 3). Scope. The variant is valid only for turns whose position resolves to lineage land with a speech date in 2003-02-27..2003-12-29 (spell P6a803c22-land-1 of P6a803c22 in build/out/spells.csv sha256 c4a6bef303e97528). Do not apply it to the bare string elsewhere.",land,2003-02-27,2003-12-29,26385;26621,8,2003-07-09,2003-10-21,P6a803c22-land-1
P6a803c22,최종찬,崔鍾璨,崔鍾瓚,hanja_variant,"Last glyph 瓚 for 璨, same reading 최종찬. The chair says '다음 崔鍾瓚 장관 먼저 답변하시고', the turn answers '건설교통부장관입니다', and two turns later the same speaker is labelled 崔鍾璨. Turns read in v10 xml conf 26231 turns 534-537 (2003-04-25). Roster holder of 건설교통부 on 2003-04-25..2003-04-25 is P6a803c22 최종찬 崔鍾璨 (건설교통부장관 2003-02-27..2003-12-29, spells.csv P6a803c22-land-1). No NA member named 崔鍾瓚 in terms 15-22 (na_members_15_22.csv). Label counts in the cited meetings are xml conf 26231 ('建設交通部長官 崔鍾璨' 58, '建設交通部長官 崔鍾瓚' 1). Scope. The variant is valid only for turns whose position resolves to lineage land with a speech date in 2003-02-27..2003-12-29 (spell P6a803c22-land-1 of P6a803c22 in build/out/spells.csv sha256 c4a6bef303e97528). Do not apply it to the bare string elsewhere.",land,2003-02-27,2003-12-29,26231,1,2003-04-25,2003-04-25,P6a803c22-land-1
P6a803c22,최종찬,崔鍾璨,崔鐘璨,hanja_variant,"Middle glyph 鐘 for 鍾, same reading 최종찬. The turns answer on the 경부고속철도 plan as 建設交通部長官. The roster verifier notes that the gazette notice (관보 제15338호) itself prints 崔鐘璨. Turns read in v10 xml conf 26805 turns 658-660 (2003-09-22 국정감사). Roster holder of 건설교통부 on 2003-09-22..2003-09-22 is P6a803c22 최종찬 崔鍾璨 (건설교통부장관 2003-02-27..2003-12-29, spells.csv P6a803c22-land-1). No NA member named 崔鐘璨 in terms 15-22 (na_members_15_22.csv). Label counts in the cited meetings are xml conf 26805 ('建設交通部長官 崔鍾璨' 193, '建設交通部長官 崔鐘璨' 2). Scope. The variant is valid only for turns whose position resolves to lineage land with a speech date in 2003-02-27..2003-12-29 (spell P6a803c22-land-1 of P6a803c22 in build/out/spells.csv sha256 c4a6bef303e97528). Do not apply it to the bare string elsewhere.",land,2003-02-27,2003-12-29,26805,2,2003-09-22,2003-09-22,P6a803c22-land-1
P9aaac9b8,허상만,許祥萬,許詳萬,hanja_variant,"Middle glyph 詳 for 祥, same reading 허상만. The office label reads 農林部長官 許祥萬 in 821 v10 xml turns (2003-07-30 to 2004-03-09) and 許詳萬 once. Turns read in v10 xml conf 26815 turns 1125-1131 (2003-12-08). Roster holder of 농림부 on 2003-12-08..2003-12-08 is P9aaac9b8 허상만 許祥萬 (농림부장관 2003-07-24..2005-01-05, spells.csv P9aaac9b8-agriculture-1). No NA member named 許詳萬 in terms 15-22 (na_members_15_22.csv). Label counts in the cited meetings are xml conf 26815 ('農林部長官 許祥萬' 14, '農林部長官 許詳萬' 1). Scope. The variant is valid only for turns whose position resolves to lineage agriculture with a speech date in 2003-07-24..2005-01-05 (spell P9aaac9b8-agriculture-1 of P9aaac9b8 in build/out/spells.csv sha256 c4a6bef303e97528). Do not apply it to the bare string elsewhere.",agriculture,2003-07-24,2005-01-05,26815,1,2003-12-08,2003-12-08,P9aaac9b8-agriculture-1
Pdb751ebe,윤광웅,尹光雄,윤관웅,typo,"관 for 광. Turn 55 is labelled 국방부장관 윤광웅 and turn 57 윤관웅 in the same exchange with 안영근 위원. Turns read in v10 xml conf 27728 turns 54-60 (2004-11-26). Roster holder of 국방부 on 2004-11-26..2004-11-26 is Pdb751ebe 윤광웅 尹光雄 (국방부장관 2004-07-29..2006-11-23, spells.csv Pdb751ebe-defense-1). No NA member named 윤관웅 in terms 15-22 (na_members_15_22.csv). Label counts in the cited meetings are xml conf 27728 ('국방부장관 윤광웅' 101, '국방부장관 윤관웅' 1). Scope. The variant is valid only for turns whose position resolves to lineage defense with a speech date in 2004-07-29..2006-11-23 (spell Pdb751ebe-defense-1 of Pdb751ebe in build/out/spells.csv sha256 c4a6bef303e97528). Do not apply it to the bare string elsewhere.",defense,2004-07-29,2006-11-23,27728,2,2004-11-26,2004-11-26,Pdb751ebe-defense-1
Pe38fe890,박홍수,朴弘綏,박홍식,typo,"식 for 수. The meeting labels the minister 농림부장관 박홍수 in 210 turns and 박홍식 once, the latter answering a question about what the 농림부장관 did. Turns read in v10 xml conf 28947 turns 181-187 (2005-09-22 국정감사). Roster holder of 농림부 on 2005-09-22..2005-09-22 is Pe38fe890 박홍수 朴弘綏 (농림부장관 2005-01-05..2007-08-31, spells.csv Pe38fe890-agriculture-1). No NA member named 박홍식 in terms 15-22 (na_members_15_22.csv). Label counts in the cited meetings are xml conf 28947 ('농림부장관 박홍수' 210, '농림부장관 박홍식' 1). Scope. The variant is valid only for turns whose position resolves to lineage agriculture with a speech date in 2005-01-05..2007-08-31 (spell Pe38fe890-agriculture-1 of Pe38fe890 in build/out/spells.csv sha256 c4a6bef303e97528). Do not apply it to the bare string elsewhere.",agriculture,2005-01-05,2007-08-31,28947,2,2005-09-22,2005-09-22,Pe38fe890-agriculture-1
Pe38fe890,박홍수,朴弘綏,박흥수,typo,"흥 for 홍. The meeting labels the minister 농림부장관 박홍수 in 165 turns and 박흥수 once. Turns read in v10 xml conf 28754 turns 38-44 (2005-11-01). Roster holder of 농림부 on 2005-11-01..2005-11-01 is Pe38fe890 박홍수 朴弘綏 (농림부장관 2005-01-05..2007-08-31, spells.csv Pe38fe890-agriculture-1). No NA member named 박흥수 in terms 15-22 (na_members_15_22.csv). Label counts in the cited meetings are xml conf 28754 ('농림부장관 박홍수' 165, '농림부장관 박흥수' 1). Scope. The variant is valid only for turns whose position resolves to lineage agriculture with a speech date in 2005-01-05..2007-08-31 (spell Pe38fe890-agriculture-1 of Pe38fe890 in build/out/spells.csv sha256 c4a6bef303e97528). Do not apply it to the bare string elsewhere.",agriculture,2005-01-05,2007-08-31,28754,2,2005-11-01,2005-11-01,Pe38fe890-agriculture-1
Pcdf89e1b,오영교,吳盈敎,오명교,typo,"명 for 영. Turns 12 and 16 are labelled 행정자치부장관 오영교 and turn 14 오명교 in the same exchange with 최규식 위원. Turns read in v10 xml conf 28053 turns 11-17 (2005-03-02). Roster holder of 행정자치부 on 2005-03-02..2005-03-02 is Pcdf89e1b 오영교 吳盈敎 (행정자치부장관 2005-01-05..2006-03-21, spells.csv Pcdf89e1b-interior-1). No NA member named 오명교 in terms 15-22 (na_members_15_22.csv). Label counts in the cited meetings are xml conf 28053 ('행정자치부장관 오영교' 86, '행정자치부장관 오명교' 1). Scope. The variant is valid only for turns whose position resolves to lineage interior with a speech date in 2005-01-05..2006-03-21 (spell Pcdf89e1b-interior-1 of Pcdf89e1b in build/out/spells.csv sha256 c4a6bef303e97528). Do not apply it to the bare string elsewhere.",interior,2005-01-05,2006-03-21,28053,2,2005-03-02,2005-03-02,Pcdf89e1b-interior-1
P631794e3,정종환,鄭鍾煥,졍종환,typo,"졍 for 정. The label alternates with 국토해양부장관 정종환 in consecutive answers to 현기환 위원. Turns read in v9 meeting 37422 (국토해양위원회 국정감사 2008-10-24) orders 514-518. Roster holder of 국토해양부 on 2008-10-24..2008-10-24 is P631794e3 정종환 鄭鍾煥 (국토해양부장관 2008-02-29..2011-05-31, spells.csv P631794e3-land-1). No NA member named 졍종환 in terms 15-22 (na_members_15_22.csv). Label counts in the cited meetings are v9 meeting 37422 ('국토해양부장관 정종환' 349, '국토해양부장관 졍종환' 1). Scope. The variant is valid only for turns whose position resolves to lineage land with a speech date in 2008-02-29..2011-05-31 (spell P631794e3-land-1 of P631794e3 in build/out/spells.csv sha256 c4a6bef303e97528). Do not apply it to the bare string elsewhere.",land,2008-02-29,2011-05-31,32204,2,2008-10-24,2008-10-24,P631794e3-land-1
P9cc89213,안병만,安秉萬,안명만,typo,"명 for 병. Orders 138 and 142 are labelled 교육과학기술부장관 안병만 and order 140 안명만 in the same exchange with 정영희 위원. Turns read in v9 meeting 39116 (교육과학기술위원회 2010-01-08) orders 138-142. Roster holder of 교육과학기술부 on 2010-01-08..2010-01-08 is P9cc89213 안병만 安秉萬 (교육과학기술부장관 2008-08-06..2010-08-30, spells.csv P9cc89213-education-1). No NA member named 안명만 in terms 15-22 (na_members_15_22.csv). Label counts in the cited meetings are v9 meeting 39116 ('교육과학기술부장관 안병만' 99, '교육과학기술부장관 안명만' 1). Scope. The variant is valid only for turns whose position resolves to lineage education with a speech date in 2008-08-06..2010-08-30 (spell P9cc89213-education-1 of P9cc89213 in build/out/spells.csv sha256 c4a6bef303e97528). Do not apply it to the bare string elsewhere.",education,2008-08-06,2010-08-30,33746,2,2010-01-08,2010-01-08,P9cc89213-education-1
P8914163d,백희영,白喜英,백영희,typo,"Syllables 희 and 영 swapped. In the same audit the answering minister alternates between the labels 여성가족부장관 백희영 and 여성가족부장관 백영희, and the v9 person_name field already reads 백희영. Turns read in v9 meeting 39936 (여성위원회 국정감사 2010-10-28) orders 1524-1530. Roster holder of 여성가족부 on 2010-10-28..2010-10-28 is P8914163d 백희영 白喜英 (여성가족부장관 2010-03-19..2011-09-17, spells.csv P8914163d-gender-2). No NA member named 백영희 in terms 15-22 (na_members_15_22.csv). Label counts in the cited meetings are v9 meeting 39936 ('여성가족부장관 백희영' 468, '여성가족부장관 백영희' 7). Scope. The variant is valid only for turns whose position resolves to lineage gender with a speech date in 2010-03-19..2011-09-17 (spell P8914163d-gender-2 of P8914163d in build/out/spells.csv sha256 c4a6bef303e97528). Do not apply it to the bare string elsewhere.",gender,2010-03-19,2011-09-17,34499,14,2010-10-28,2010-10-28,P8914163d-gender-2
Pb86a22b8,최중경,崔重卿,최경중,typo,"Syllables 경 and 중 swapped. Two turns after the label 지식경제부장관 최경중 the same speaker is labelled 최중경, and the questioner addresses him as 장관. Turns read in v9 meeting 41091 (지식경제위원회 국정감사 2011-09-19) orders 1417-1421. Roster holder of 지식경제부 on 2011-09-19..2011-09-19 is Pb86a22b8 최중경 崔重卿 (지식경제부장관 2011-01-27..2011-11-17, spells.csv Pb86a22b8-industry-1). No NA member named 최경중 in terms 15-22 (na_members_15_22.csv). Label counts in the cited meetings are v9 meeting 41091 ('지식경제부장관 최중경' 418, '지식경제부장관 최경중' 1). Scope. The variant is valid only for turns whose position resolves to lineage industry with a speech date in 2011-01-27..2011-11-17 (spell Pb86a22b8-industry-1 of Pb86a22b8 in build/out/spells.csv sha256 c4a6bef303e97528). Do not apply it to the bare string elsewhere.",industry,2011-01-27,2011-11-17,35617,2,2011-09-19,2011-09-19,Pb86a22b8-industry-1
P56eef62c,김현미,金賢美,김현,typo,"Truncated name (김현 for 김현미). Order 672 labelled 국토교통부장관 김현 answers '예.' between two answers labelled 국토교통부장관 김현미 to 이원욱 위원. The NA member 김현 (金玄) sat in terms 19 and 22, not in 2018. Turns read in v9 meeting 48089 (국토교통위원회 2018-03-20) orders 669-674. Roster holder of 국토교통부 on 2018-03-20..2018-03-20 is P56eef62c 김현미 金賢美 (국토교통부장관 2017-06-21..2020-12-29, spells.csv P56eef62c-land-1). Not an NA member on these dates. A member of that name sat only in term(s) 19, 22. Label counts in the cited meetings are v9 meeting 48089 ('김현아 위원' 75, '국토교통부장관 김현미' 266, '국토교통부장관 김현' 1). Scope. The variant is valid only for turns whose position resolves to lineage land with a speech date in 2017-06-21..2020-12-29 (spell P56eef62c-land-1 of P56eef62c in build/out/spells.csv sha256 c4a6bef303e97528). Do not apply it to the bare string elsewhere. The same string names another person. 김현 金玄 sat in the Assembly in terms 19 and 22 (na_members_15_22.csv), and kr-hearings-data v9 all_speeches has 6,275 turns labelled '김현 위원' in term 19 and 4,852 in term 22.",land,2017-06-21,2020-12-29,,1,2018-03-20,2018-03-20,P56eef62c-land-1
Pf9642325,김상곤,金相坤,김성곤,typo,kr-hearings v10 meeting 42738 (2018-01-24): 52 turns labelled '부총리겸교육부장관 김상곤' and 6 turns labelled '부총리겸교육부장관 김성곤' in the same exchange (turn_seq 49-65). 김상곤 held 부총리 겸 교육부장관 2017-07-04..2018-10-02.,education,2017-07-04,2018-10-02,42738,6,2018-01-24,2018-01-24,Pf9642325-education-1
