term,mona_cd,spell_seq,name,field,value,api_value,decision_basis,source_1,source_1_url,source_1_accessed_utc,source_2,source_2_url,source_2_accessed_utc,note
15,33J43967,1,서상목,seat_end,1999-09-06,2000-05-29,API reports a full term. Three sources report resignation on 1999-09-06.,Hankook Ilbo 1999-09-07 '[세풍여파] 서상목 의원직 사퇴' (text: 서상목 의원이 6일 ... 의원직을 사퇴했다),https://www.hankookilbo.com/news/article/199909070047739038,2026-09-25T02:31:49Z,kowiki list (1999.9.6. 의원직 사퇴) and 의석 변동 table (1999-09-06),https://ko.wikipedia.org/w/index.php?title=%EB%8C%80%ED%95%9C%EB%AF%BC%EA%B5%AD_%EC%A0%9C15%EB%8C%80_%EA%B5%AD%ED%9A%8C%EC%9D%98%EC%9B%90_%EB%AA%A9%EB%A1%9D&oldid=41996917,2026-09-25T02:17:07Z,Hankook 1999-12-28 also says 서의원은 9월 의원직을 사퇴 (sources/news/hankook_1999_star.html)
15,33J43967,1,서상목,exit_reason,resigned,term_end,see seat_end,,,,,,,
15,33J43967,1,서상목,exit_detail,resigned_other,term_end,see seat_end,,,,,,,
15,0EI5067Y,1,한광옥,seat_end,1999-11-24,2000-05-29,API reports a full term. kowiki list gives 1999.11.24. 의원직 사퇴. News confirms appointment as presidential chief of staff in November 1999 (month level only).,Seoul Shinmun 2016-11-03 (text: 지난 1999년 11월 비서실장으로 임명돼),https://www.seoul.co.kr/news/politics/2016/11/03/20161103800073,2026-09-25T02:31:33Z,kowiki list (1999.11.24. 의원직 사퇴),https://ko.wikipedia.org/w/index.php?title=%EB%8C%80%ED%95%9C%EB%AF%BC%EA%B5%AD_%EC%A0%9C15%EB%8C%80_%EA%B5%AD%ED%9A%8C%EC%9D%98%EC%9B%90_%EB%AA%A9%EB%A1%9D&oldid=41996917,2026-09-25T02:17:07Z,Exact day rests on Wikipedia only. Hankook 1999-12-28 calls him 청와대비서실장 (sources/news/hankook_1999_star.html). Treat the day as weakly verified.
15,0EI5067Y,1,한광옥,exit_reason,resigned,term_end,see seat_end,,,,,,,
15,0EI5067Y,1,한광옥,exit_detail,resigned_on_appointment,term_end,appointed 대통령비서실장,,,,,,,
15,0P85685J,1,이회창,seat_end,1997-11-26,1997-12-29,"API end is impossible (seat count exceeds 299 from 1997-12-20, when the API seats his successor 이찬진). kowiki list and 의석 변동 both give 1997-11-26, the candidate registration day announced in advance.",Hankook Ilbo 1997-11-15 (text: 의원직사퇴 시기는 후보등록일인 오는 26일이 될것),https://www.hankookilbo.com/news/article/199711150053494051,2026-09-25T02:33:45Z,kowiki list and 의석 변동 (1997-11-26),https://ko.wikipedia.org/w/index.php?title=%EB%8C%80%ED%95%9C%EB%AF%BC%EA%B5%AD_%EC%A0%9C15%EB%8C%80_%EA%B5%AD%ED%9A%8C&oldid=41996916,2026-09-25T02:17:41Z,"Weak. The news item reports a plan, not the effective date. Hankook 1998-05-06 says 이찬진 took the seat in December 1997, so the resignation may have taken effect later than 11-26 but no later than 1997-12-20."
15,H2X6452Y,1,김용갑,district,경남 밀양시,경남 마산시 회원군,API 의원이력 and 인적사항 give a garbled district. 헌정회 record and kowiki give 밀양시.,NA API nprlapfmaufmqytet (헌정회): 제15대 국회의원(경남 밀양시)한나라당,"https://open.assembly.go.kr/portal/openapi/nprlapfmaufmqytet (역대 국회의원 현황, 헌정회 data; sources/api/nprlapfmaufmqytet/)",2026-09-25T02:19:47Z,kowiki list (경상남도 밀양시),https://ko.wikipedia.org/w/index.php?title=%EB%8C%80%ED%95%9C%EB%AF%BC%EA%B5%AD_%EC%A0%9C15%EB%8C%80_%EA%B5%AD%ED%9A%8C%EC%9D%98%EC%9B%90_%EB%AA%A9%EB%A1%9D&oldid=41996917,2026-09-25T02:17:07Z,
16,I5T29903,1,김학원,district,충남 부여군,충남 당진군,"API gives 당진군, which is 송영진's district in the same term (overlap). 헌정회 record and kowiki give 부여.",NA API nprlapfmaufmqytet (헌정회): 제16대 국회의원(충남 부여)자민련,"https://open.assembly.go.kr/portal/openapi/nprlapfmaufmqytet (역대 국회의원 현황, 헌정회 data; sources/api/nprlapfmaufmqytet/)",2026-09-25T02:19:58Z,kowiki list (충청남도 부여군),https://ko.wikipedia.org/w/index.php?title=%EB%8C%80%ED%95%9C%EB%AF%BC%EA%B5%AD_%EC%A0%9C16%EB%8C%80_%EA%B5%AD%ED%9A%8C%EC%9D%98%EC%9B%90_%EB%AA%A9%EB%A1%9D&oldid=42446179,2026-09-25T02:17:08Z,
16,EBU8493R,1,이미경,seat_end,2003-10-27,2003-10-27,API date kept and confirmed. kowiki list gives the announcement day 2003-10-26.,Hankook Ilbo 2003-10-27 '민주 전국구5명 우리당行' (text: 26일 ... 기자회견을 갖고 27일자로 민주당을 탈당),https://www.hankookilbo.com/news/article/200310270047461686,2026-09-25T02:35:44Z,NA API 의원이력 FRTO_DATE,https://open.assembly.go.kr/portal/openapi/nfzegpkvaclgtscxt,2026-09-25T02:19:49Z,PR seat lost on leaving 새천년민주당 for 열린우리당
16,EBU8493R,1,이미경,exit_detail,pr_seat_lost_on_leaving_party,court_ruling_other_or_unspecified,kowiki only says 의원직 상실. News gives the reason.,,,,,,,
16,FD899099,1,허운나,seat_end,2003-10-27,2003-10-27,API date kept and confirmed. kowiki list gives the announcement day 2003-10-26.,Hankook Ilbo 2003-10-27 '민주 전국구5명 우리당行' (text: 26일 ... 기자회견을 갖고 27일자로 민주당을 탈당),https://www.hankookilbo.com/news/article/200310270047461686,2026-09-25T02:35:44Z,NA API 의원이력 FRTO_DATE,https://open.assembly.go.kr/portal/openapi/nfzegpkvaclgtscxt,2026-09-25T02:19:49Z,PR seat lost on leaving 새천년민주당 for 열린우리당
16,FD899099,1,허운나,exit_detail,pr_seat_lost_on_leaving_party,court_ruling_other_or_unspecified,kowiki only says 의원직 상실. News gives the reason.,,,,,,,
16,RP62407F,1,이재정,seat_end,2003-10-27,2003-10-27,API date kept and confirmed. kowiki list gives the announcement day 2003-10-26.,Hankook Ilbo 2003-10-27 '민주 전국구5명 우리당行' (text: 26일 ... 기자회견을 갖고 27일자로 민주당을 탈당),https://www.hankookilbo.com/news/article/200310270047461686,2026-09-25T02:35:44Z,NA API 의원이력 FRTO_DATE,https://open.assembly.go.kr/portal/openapi/nfzegpkvaclgtscxt,2026-09-25T02:19:49Z,PR seat lost on leaving 새천년민주당 for 열린우리당
16,RP62407F,1,이재정,exit_detail,pr_seat_lost_on_leaving_party,court_ruling_other_or_unspecified,kowiki only says 의원직 상실. News gives the reason.,,,,,,,
16,KZ319820,1,박양수,seat_end,2003-10-27,2003-10-27,API date kept and confirmed. kowiki list gives the announcement day 2003-10-26.,Hankook Ilbo 2003-10-27 '민주 전국구5명 우리당行' (text: 26일 ... 기자회견을 갖고 27일자로 민주당을 탈당),https://www.hankookilbo.com/news/article/200310270047461686,2026-09-25T02:35:44Z,NA API 의원이력 FRTO_DATE,https://open.assembly.go.kr/portal/openapi/nfzegpkvaclgtscxt,2026-09-25T02:19:49Z,PR seat lost on leaving 새천년민주당 for 열린우리당
16,KZ319820,1,박양수,exit_detail,pr_seat_lost_on_leaving_party,court_ruling_other_or_unspecified,kowiki only says 의원직 상실. News gives the reason.,,,,,,,
16,OK55632O,1,오영식,seat_end,2003-10-27,2003-10-27,API date kept and confirmed. kowiki list gives the announcement day 2003-10-26.,Hankook Ilbo 2003-10-27 '민주 전국구5명 우리당行' (text: 26일 ... 기자회견을 갖고 27일자로 민주당을 탈당),https://www.hankookilbo.com/news/article/200310270047461686,2026-09-25T02:35:44Z,NA API 의원이력 FRTO_DATE,https://open.assembly.go.kr/portal/openapi/nfzegpkvaclgtscxt,2026-09-25T02:19:49Z,PR seat lost on leaving 새천년민주당 for 열린우리당
16,OK55632O,1,오영식,exit_detail,pr_seat_lost_on_leaving_party,court_ruling_other_or_unspecified,kowiki only says 의원직 상실. News gives the reason.,,,,,,,
22,CST4991F,1,임광현,exit_reason,resigned,,Reason from news. The seat end date (2025-07-22) rests on the NA API only.,News1 2025-07-23 via fnnews (text: 임광현 국세청장이 임명되면서 이주희 변호사가 국회의원직을 이어받았다. 중앙선거관리위원회는 23일 ... 승계자로 결정),https://www.fnnews.com/news/202507231947455574,2026-09-25T02:36:39Z,News1 2025-07-23,https://www.news1.kr/politics/assembly/5856667,2026-09-25T02:36:40Z,"NTS commissioner is not a cabinet post, so the seat could not be kept."
22,CST4991F,1,임광현,exit_detail,resigned_on_appointment,unknown,appointed 국세청장,,,,,,,
19,96A2025Q,1,안종범,exit_reason,resigned,disqualified,kowiki 의석 변동 reason text: 청와대 경제수석 임명에 따른 의원직 사퇴. The list page says only 의원직 상실.,kowiki 의석 변동 (제19대 국회),https://ko.wikipedia.org/w/index.php?title=%EB%8C%80%ED%95%9C%EB%AF%BC%EA%B5%AD_%EC%A0%9C19%EB%8C%80_%EA%B5%AD%ED%9A%8C&oldid=42216872,2026-09-25T02:17:45Z,,,,Reason rests on Wikipedia only.
19,96A2025Q,1,안종범,exit_detail,resigned_on_appointment,court_ruling_other_or_unspecified,see exit_reason,,,,,,,
